,query_image_index,query_image_type,query_image_type_index,query_image_path,query_total_keypoints,query_image_width,query_image_height,train_image_index,train_image_type,train_image_type_index,train_image_path,train_total_keypoints,train_image_width,train_image_height,matching_method,total_matches,total_good_matches,with_resize
0,100,selfies,0,./results/cropped/e-ktp\100_selfie_crop_0.jpeg,1215,599,374,100,cards,0,./results/cropped/e-ktp\100_card_crop_0.jpeg,1089,562,374,ORB,540,515,True
1,100,selfies,0,./results/cropped/e-ktp\100_selfie_crop_0.jpeg,1281,599,374,100,cards,0,./results/cropped/e-ktp\100_card_crop_0.jpeg,1138,562,374,SIFT,1281,468,True
2,100,selfies,0,./results/cropped/e-ktp\100_selfie_crop_0.jpeg,1215,599,374,100,cards,0,./results/cropped/e-ktp\100_card_crop_0.jpeg,1764,719,478,ORB,348,317,False
3,100,selfies,0,./results/cropped/e-ktp\100_selfie_crop_0.jpeg,1281,599,374,100,cards,0,./results/cropped/e-ktp\100_card_crop_0.jpeg,1897,719,478,SIFT,1281,409,False
4,101,selfies,0,./results/cropped/e-ktp\101_selfie_crop_0.jpg,1950,1521,982,101,cards,0,./results/cropped/e-ktp\101_card_crop_0.jpg,2823,1562,982,ORB,793,764,True
5,101,selfies,0,./results/cropped/e-ktp\101_selfie_crop_0.jpg,1861,1521,982,101,cards,0,./results/cropped/e-ktp\101_card_crop_0.jpg,22688,1562,982,SIFT,1861,403,True
6,101,selfies,0,./results/cropped/e-ktp\101_selfie_crop_0.jpg,1950,1521,982,101,cards,0,./results/cropped/e-ktp\101_card_crop_0.jpg,2917,2741,1723,ORB,690,636,False
7,101,selfies,0,./results/cropped/e-ktp\101_selfie_crop_0.jpg,1861,1521,982,101,cards,0,./results/cropped/e-ktp\101_card_crop_0.jpg,42602,2741,1723,SIFT,1861,399,False
8,102,selfies,0,./results/cropped/e-ktp\102_selfie_crop_0.jpg,2780,1461,916,102,cards,0,./results/cropped/e-ktp\102_card_crop_0.jpg,2823,1413,916,ORB,822,759,True
9,102,selfies,0,./results/cropped/e-ktp\102_selfie_crop_0.jpg,3581,1461,916,102,cards,0,./results/cropped/e-ktp\102_card_crop_0.jpg,13246,1413,916,SIFT,3581,511,True
10,102,selfies,0,./results/cropped/e-ktp\102_selfie_crop_0.jpg,2780,1461,916,102,cards,0,./results/cropped/e-ktp\102_card_crop_0.jpg,2875,2129,1380,ORB,709,601,False
11,102,selfies,0,./results/cropped/e-ktp\102_selfie_crop_0.jpg,3581,1461,916,102,cards,0,./results/cropped/e-ktp\102_card_crop_0.jpg,32888,2129,1380,SIFT,3581,512,False
12,103,selfies,0,./results/cropped/e-ktp\103_selfie_crop_0.jpeg,1568,688,457,103,cards,0,./results/cropped/e-ktp\103_card_crop_0.jpeg,2246,709,457,ORB,980,966,True
13,103,selfies,0,./results/cropped/e-ktp\103_selfie_crop_0.jpeg,1356,688,457,103,cards,0,./results/cropped/e-ktp\103_card_crop_0.jpeg,2093,709,457,SIFT,1356,483,True
14,103,selfies,0,./results/cropped/e-ktp\103_selfie_crop_0.jpeg,1751,707,469,103,cards,0,./results/cropped/e-ktp\103_card_crop_0.jpeg,2246,709,457,ORB,1008,991,False
15,103,selfies,0,./results/cropped/e-ktp\103_selfie_crop_0.jpeg,1588,707,469,103,cards,0,./results/cropped/e-ktp\103_card_crop_0.jpeg,2093,709,457,SIFT,1588,573,False
16,104,selfies,0,./results/cropped/e-ktp\104_selfie_crop_0.jpeg,921,456,289,104,cards,0,./results/cropped/e-ktp\104_card_crop_0.jpeg,1466,424,289,ORB,480,469,True
17,104,selfies,0,./results/cropped/e-ktp\104_selfie_crop_0.jpeg,866,456,289,104,cards,0,./results/cropped/e-ktp\104_card_crop_0.jpeg,930,424,289,SIFT,866,264,True
18,104,selfies,0,./results/cropped/e-ktp\104_selfie_crop_0.jpeg,921,456,289,104,cards,0,./results/cropped/e-ktp\104_card_crop_0.jpeg,2391,751,511,ORB,402,375,False
19,104,selfies,0,./results/cropped/e-ktp\104_selfie_crop_0.jpeg,866,456,289,104,cards,0,./results/cropped/e-ktp\104_card_crop_0.jpeg,3390,751,511,SIFT,866,218,False
20,105,selfies,0,./results/cropped/e-ktp\105_selfie_crop_0.jpeg,1222,456,310,105,cards,0,./results/cropped/e-ktp\105_card_crop_0.jpeg,1071,431,310,ORB,552,537,True
21,105,selfies,0,./results/cropped/e-ktp\105_selfie_crop_0.jpeg,923,456,310,105,cards,0,./results/cropped/e-ktp\105_card_crop_0.jpeg,752,431,310,SIFT,923,290,True
22,105,selfies,0,./results/cropped/e-ktp\105_selfie_crop_0.jpeg,1222,456,310,105,cards,0,./results/cropped/e-ktp\105_card_crop_0.jpeg,2170,678,487,ORB,379,321,False
23,105,selfies,0,./results/cropped/e-ktp\105_selfie_crop_0.jpeg,923,456,310,105,cards,0,./results/cropped/e-ktp\105_card_crop_0.jpeg,1975,678,487,SIFT,923,259,False
24,106,selfies,0,./results/cropped/e-ktp\106_selfie_crop_0.jpeg,1814,504,328,106,cards,0,./results/cropped/e-ktp\106_card_crop_0.jpeg,1907,531,328,ORB,1075,1059,True
25,106,selfies,0,./results/cropped/e-ktp\106_selfie_crop_0.jpeg,1348,504,328,106,cards,0,./results/cropped/e-ktp\106_card_crop_0.jpeg,1288,531,328,SIFT,1348,515,True
26,106,selfies,0,./results/cropped/e-ktp\106_selfie_crop_0.jpeg,2297,670,436,106,cards,0,./results/cropped/e-ktp\106_card_crop_0.jpeg,1907,531,328,ORB,509,404,False
27,106,selfies,0,./results/cropped/e-ktp\106_selfie_crop_0.jpeg,2477,670,436,106,cards,0,./results/cropped/e-ktp\106_card_crop_0.jpeg,1288,531,328,SIFT,2477,520,False
28,107,selfies,0,./results/cropped/e-ktp\107_selfie_crop_0.jpeg,1967,540,382,107,cards,0,./results/cropped/e-ktp\107_card_crop_0.jpeg,1735,538,382,ORB,825,788,True
29,107,selfies,0,./results/cropped/e-ktp\107_selfie_crop_0.jpeg,1001,540,382,107,cards,0,./results/cropped/e-ktp\107_card_crop_0.jpeg,987,538,382,SIFT,1001,353,True
30,107,selfies,0,./results/cropped/e-ktp\107_selfie_crop_0.jpeg,1967,540,382,107,cards,0,./results/cropped/e-ktp\107_card_crop_0.jpeg,2375,741,526,ORB,494,359,False
31,107,selfies,0,./results/cropped/e-ktp\107_selfie_crop_0.jpeg,1001,540,382,107,cards,0,./results/cropped/e-ktp\107_card_crop_0.jpeg,2054,741,526,SIFT,1001,317,False
32,108,selfies,0,./results/cropped/e-ktp\108_selfie_crop_0.jpeg,1743,510,345,108,cards,0,./results/cropped/e-ktp\108_card_crop_0.jpeg,1901,486,345,ORB,942,926,True
33,108,selfies,0,./results/cropped/e-ktp\108_selfie_crop_0.jpeg,1278,510,345,108,cards,0,./results/cropped/e-ktp\108_card_crop_0.jpeg,1280,486,345,SIFT,1278,559,True
34,108,selfies,0,./results/cropped/e-ktp\108_selfie_crop_0.jpeg,1743,510,345,108,cards,0,./results/cropped/e-ktp\108_card_crop_0.jpeg,2431,759,538,ORB,556,493,False
35,108,selfies,0,./results/cropped/e-ktp\108_selfie_crop_0.jpeg,1278,510,345,108,cards,0,./results/cropped/e-ktp\108_card_crop_0.jpeg,3299,759,538,SIFT,1278,505,False
36,109,selfies,0,./results/cropped/e-ktp\109_selfie_crop_0.jpeg,1665,506,363,109,cards,0,./results/cropped/e-ktp\109_card_crop_0.jpeg,2142,532,363,ORB,906,872,True
37,109,selfies,0,./results/cropped/e-ktp\109_selfie_crop_0.jpeg,1309,506,363,109,cards,0,./results/cropped/e-ktp\109_card_crop_0.jpeg,1151,532,363,SIFT,1309,432,True
38,109,selfies,0,./results/cropped/e-ktp\109_selfie_crop_0.jpeg,2392,754,540,109,cards,0,./results/cropped/e-ktp\109_card_crop_0.jpeg,2142,532,363,ORB,564,441,False
39,109,selfies,0,./results/cropped/e-ktp\109_selfie_crop_0.jpeg,3277,754,540,109,cards,0,./results/cropped/e-ktp\109_card_crop_0.jpeg,1151,532,363,SIFT,3277,489,False
40,10,selfies,0,./results/cropped/e-ktp\10_selfie_crop_0.jpg,2587,1068,699,10,cards,0,./results/cropped/e-ktp\10_card_crop_0.jpg,2689,1012,699,ORB,726,676,True
41,10,selfies,0,./results/cropped/e-ktp\10_selfie_crop_0.jpg,1841,1068,699,10,cards,0,./results/cropped/e-ktp\10_card_crop_0.jpg,8707,1012,699,SIFT,1841,133,True
42,10,selfies,0,./results/cropped/e-ktp\10_selfie_crop_0.jpg,2587,1068,699,10,cards,0,./results/cropped/e-ktp\10_card_crop_0.jpg,2924,3457,2386,ORB,604,579,False
43,10,selfies,0,./results/cropped/e-ktp\10_selfie_crop_0.jpg,1841,1068,699,10,cards,0,./results/cropped/e-ktp\10_card_crop_0.jpg,38557,3457,2386,SIFT,1841,127,False
44,110,selfies,0,./results/cropped/e-ktp\110_selfie_crop_0.jpeg,1038,474,286,110,cards,0,./results/cropped/e-ktp\110_card_crop_0.jpeg,1270,439,286,ORB,505,486,True
45,110,selfies,0,./results/cropped/e-ktp\110_selfie_crop_0.jpeg,951,474,286,110,cards,0,./results/cropped/e-ktp\110_card_crop_0.jpeg,936,439,286,SIFT,951,222,True
46,110,selfies,0,./results/cropped/e-ktp\110_selfie_crop_0.jpeg,1038,474,286,110,cards,1,./results/cropped/e-ktp\110_card_crop_1.jpeg,63,254,286,ORB,34,24,True
47,110,selfies,0,./results/cropped/e-ktp\110_selfie_crop_0.jpeg,951,474,286,110,cards,1,./results/cropped/e-ktp\110_card_crop_1.jpeg,74,254,286,SIFT,951,18,True
48,110,selfies,0,./results/cropped/e-ktp\110_selfie_crop_0.jpeg,1038,474,286,110,cards,0,./results/cropped/e-ktp\110_card_crop_0.jpeg,2293,669,435,ORB,343,274,False
49,110,selfies,0,./results/cropped/e-ktp\110_selfie_crop_0.jpeg,951,474,286,110,cards,0,./results/cropped/e-ktp\110_card_crop_0.jpeg,2267,669,435,SIFT,951,180,False
50,110,selfies,0,./results/cropped/e-ktp\110_selfie_crop_0.jpeg,1038,474,286,110,cards,1,./results/cropped/e-ktp\110_card_crop_1.jpeg,64,287,322,ORB,40,27,False
51,110,selfies,0,./results/cropped/e-ktp\110_selfie_crop_0.jpeg,951,474,286,110,cards,1,./results/cropped/e-ktp\110_card_crop_1.jpeg,71,287,322,SIFT,951,18,False
52,111,selfies,0,./results/cropped/e-ktp\111_selfie_crop_0.jpeg,645,665,446,111,cards,0,./results/cropped/e-ktp\111_card_crop_0.jpeg,2366,649,446,ORB,390,372,True
53,111,selfies,0,./results/cropped/e-ktp\111_selfie_crop_0.jpeg,647,665,446,111,cards,0,./results/cropped/e-ktp\111_card_crop_0.jpeg,2484,649,446,SIFT,647,170,True
54,111,selfies,1,./results/cropped/e-ktp\111_selfie_crop_1.jpeg,265,238,225,111,cards,0,./results/cropped/e-ktp\111_card_crop_0.jpeg,887,327,225,ORB,107,41,True
55,111,selfies,1,./results/cropped/e-ktp\111_selfie_crop_1.jpeg,293,238,225,111,cards,0,./results/cropped/e-ktp\111_card_crop_0.jpeg,588,327,225,SIFT,293,1,True
56,111,selfies,0,./results/cropped/e-ktp\111_selfie_crop_0.jpeg,721,739,495,111,cards,0,./results/cropped/e-ktp\111_card_crop_0.jpeg,2366,649,446,ORB,411,393,False
57,111,selfies,0,./results/cropped/e-ktp\111_selfie_crop_0.jpeg,705,739,495,111,cards,0,./results/cropped/e-ktp\111_card_crop_0.jpeg,2484,649,446,SIFT,705,182,False
58,111,selfies,1,./results/cropped/e-ktp\111_selfie_crop_1.jpeg,31,103,97,111,cards,0,./results/cropped/e-ktp\111_card_crop_0.jpeg,2366,649,446,ORB,21,14,False
59,111,selfies,1,./results/cropped/e-ktp\111_selfie_crop_1.jpeg,213,103,97,111,cards,0,./results/cropped/e-ktp\111_card_crop_0.jpeg,2484,649,446,SIFT,213,0,False
60,112,selfies,0,./results/cropped/e-ktp\112_selfie_crop_0.jpeg,2351,636,445,112,cards,0,./results/cropped/e-ktp\112_card_crop_0.jpeg,2090,629,445,ORB,930,871,True
61,112,selfies,0,./results/cropped/e-ktp\112_selfie_crop_0.jpeg,2259,636,445,112,cards,0,./results/cropped/e-ktp\112_card_crop_0.jpeg,1747,629,445,SIFT,2259,606,True
62,112,selfies,1,./results/cropped/e-ktp\112_selfie_crop_1.jpeg,4,225,241,112,cards,0,./results/cropped/e-ktp\112_card_crop_0.jpeg,719,341,241,ORB,3,3,True
63,112,selfies,1,./results/cropped/e-ktp\112_selfie_crop_1.jpeg,17,225,241,112,cards,0,./results/cropped/e-ktp\112_card_crop_0.jpeg,578,341,241,SIFT,17,0,True
64,112,selfies,0,./results/cropped/e-ktp\112_selfie_crop_0.jpeg,2351,636,445,112,cards,0,./results/cropped/e-ktp\112_card_crop_0.jpeg,2320,658,465,ORB,958,904,False
65,112,selfies,0,./results/cropped/e-ktp\112_selfie_crop_0.jpeg,2259,636,445,112,cards,0,./results/cropped/e-ktp\112_card_crop_0.jpeg,1847,658,465,SIFT,2259,717,False
66,112,selfies,1,./results/cropped/e-ktp\112_selfie_crop_1.jpeg,2,120,128,112,cards,0,./results/cropped/e-ktp\112_card_crop_0.jpeg,2320,658,465,ORB,1,1,False
67,112,selfies,1,./results/cropped/e-ktp\112_selfie_crop_1.jpeg,20,120,128,112,cards,0,./results/cropped/e-ktp\112_card_crop_0.jpeg,1847,658,465,SIFT,20,0,False
68,113,selfies,0,./results/cropped/e-ktp\113_selfie_crop_0.jpeg,961,374,225,113,cards,0,./results/cropped/e-ktp\113_card_crop_0.jpeg,92,306,225,ORB,77,50,True
69,113,selfies,0,./results/cropped/e-ktp\113_selfie_crop_0.jpeg,781,374,225,113,cards,0,./results/cropped/e-ktp\113_card_crop_0.jpeg,171,306,225,SIFT,781,40,True
70,113,selfies,0,./results/cropped/e-ktp\113_selfie_crop_0.jpeg,2688,1224,735,113,cards,0,./results/cropped/e-ktp\113_card_crop_0.jpeg,111,286,210,ORB,90,76,False
71,113,selfies,0,./results/cropped/e-ktp\113_selfie_crop_0.jpeg,5103,1224,735,113,cards,0,./results/cropped/e-ktp\113_card_crop_0.jpeg,208,286,210,SIFT,5103,83,False
72,114,selfies,0,./results/cropped/e-ktp\114_selfie_crop_0.jpeg,438,375,225,114,cards,0,./results/cropped/e-ktp\114_card_crop_0.jpeg,500,360,225,ORB,203,165,True
73,114,selfies,0,./results/cropped/e-ktp\114_selfie_crop_0.jpeg,579,375,225,114,cards,0,./results/cropped/e-ktp\114_card_crop_0.jpeg,571,360,225,SIFT,579,151,True
74,114,selfies,0,./results/cropped/e-ktp\114_selfie_crop_0.jpeg,96,210,126,114,cards,0,./results/cropped/e-ktp\114_card_crop_0.jpeg,1385,616,385,ORB,61,32,False
75,114,selfies,0,./results/cropped/e-ktp\114_selfie_crop_0.jpeg,231,210,126,114,cards,0,./results/cropped/e-ktp\114_card_crop_0.jpeg,1472,616,385,SIFT,231,87,False
76,115,selfies,0,./results/cropped/e-ktp\115_selfie_crop_0.jpeg,425,344,225,115,cards,0,./results/cropped/e-ktp\115_card_crop_0.jpeg,664,335,225,ORB,218,193,True
77,115,selfies,0,./results/cropped/e-ktp\115_selfie_crop_0.jpeg,526,344,225,115,cards,0,./results/cropped/e-ktp\115_card_crop_0.jpeg,565,335,225,SIFT,526,142,True
78,115,selfies,0,./results/cropped/e-ktp\115_selfie_crop_0.jpeg,185,222,145,115,cards,0,./results/cropped/e-ktp\115_card_crop_0.jpeg,2381,759,509,ORB,117,72,False
79,115,selfies,0,./results/cropped/e-ktp\115_selfie_crop_0.jpeg,301,222,145,115,cards,0,./results/cropped/e-ktp\115_card_crop_0.jpeg,2066,759,509,SIFT,301,103,False
80,116,selfies,0,./results/cropped/e-ktp\116_selfie_crop_0.jpeg,403,653,393,116,cards,0,./results/cropped/e-ktp\116_card_crop_0.jpeg,1797,551,393,ORB,270,242,True
81,116,selfies,0,./results/cropped/e-ktp\116_selfie_crop_0.jpeg,466,653,393,116,cards,0,./results/cropped/e-ktp\116_card_crop_0.jpeg,1700,551,393,SIFT,466,181,True
82,116,selfies,0,./results/cropped/e-ktp\116_selfie_crop_0.jpeg,403,653,393,116,cards,0,./results/cropped/e-ktp\116_card_crop_0.jpeg,2097,618,440,ORB,244,217,False
83,116,selfies,0,./results/cropped/e-ktp\116_selfie_crop_0.jpeg,466,653,393,116,cards,0,./results/cropped/e-ktp\116_card_crop_0.jpeg,2088,618,440,SIFT,466,167,False
84,117,selfies,0,./results/cropped/e-ktp\117_selfie_crop_0.jpeg,402,315,225,117,cards,0,./results/cropped/e-ktp\117_card_crop_0.jpeg,956,350,225,ORB,255,216,True
85,117,selfies,0,./results/cropped/e-ktp\117_selfie_crop_0.jpeg,545,315,225,117,cards,0,./results/cropped/e-ktp\117_card_crop_0.jpeg,597,350,225,SIFT,545,100,True
86,117,selfies,0,./results/cropped/e-ktp\117_selfie_crop_0.jpeg,194,219,156,117,cards,0,./results/cropped/e-ktp\117_card_crop_0.jpeg,2357,695,446,ORB,133,56,False
87,117,selfies,0,./results/cropped/e-ktp\117_selfie_crop_0.jpeg,411,219,156,117,cards,0,./results/cropped/e-ktp\117_card_crop_0.jpeg,2307,695,446,SIFT,411,93,False
88,118,selfies,0,./results/cropped/e-ktp\118_selfie_crop_0.jpeg,429,691,405,118,cards,0,./results/cropped/e-ktp\118_card_crop_0.jpeg,1525,585,405,ORB,263,251,True
89,118,selfies,0,./results/cropped/e-ktp\118_selfie_crop_0.jpeg,538,691,405,118,cards,0,./results/cropped/e-ktp\118_card_crop_0.jpeg,1583,585,405,SIFT,538,148,True
90,118,selfies,0,./results/cropped/e-ktp\118_selfie_crop_0.jpeg,429,691,405,118,cards,0,./results/cropped/e-ktp\118_card_crop_0.jpeg,2064,744,515,ORB,251,226,False
91,118,selfies,0,./results/cropped/e-ktp\118_selfie_crop_0.jpeg,538,691,405,118,cards,0,./results/cropped/e-ktp\118_card_crop_0.jpeg,2095,744,515,SIFT,538,131,False
92,119,selfies,0,./results/cropped/e-ktp\119_selfie_crop_0.jpeg,786,468,300,119,cards,0,./results/cropped/e-ktp\119_card_crop_0.jpeg,848,444,300,ORB,498,492,True
93,119,selfies,0,./results/cropped/e-ktp\119_selfie_crop_0.jpeg,966,468,300,119,cards,0,./results/cropped/e-ktp\119_card_crop_0.jpeg,858,444,300,SIFT,966,429,True
94,119,selfies,0,./results/cropped/e-ktp\119_selfie_crop_0.jpeg,786,468,300,119,cards,0,./results/cropped/e-ktp\119_card_crop_0.jpeg,1753,662,447,ORB,301,242,False
95,119,selfies,0,./results/cropped/e-ktp\119_selfie_crop_0.jpeg,966,468,300,119,cards,0,./results/cropped/e-ktp\119_card_crop_0.jpeg,1619,662,447,SIFT,966,386,False
96,11,selfies,0,./results/cropped/e-ktp\11_selfie_crop_0.jpg,2659,1048,698,11,cards,0,./results/cropped/e-ktp\11_card_crop_0.jpeg,2670,1059,698,ORB,1319,1285,True
97,11,selfies,0,./results/cropped/e-ktp\11_selfie_crop_0.jpg,3791,1048,698,11,cards,0,./results/cropped/e-ktp\11_card_crop_0.jpeg,4016,1059,698,SIFT,3791,635,True
98,11,selfies,0,./results/cropped/e-ktp\11_selfie_crop_0.jpg,2917,2971,1977,11,cards,0,./results/cropped/e-ktp\11_card_crop_0.jpeg,2670,1059,698,ORB,681,609,False
99,11,selfies,0,./results/cropped/e-ktp\11_selfie_crop_0.jpg,6570,2971,1977,11,cards,0,./results/cropped/e-ktp\11_card_crop_0.jpeg,4016,1059,698,SIFT,6570,636,False
100,120,selfies,0,./results/cropped/e-ktp\120_selfie_crop_0.jpeg,1,507,377,120,cards,0,./results/cropped/e-ktp\120_card_crop_0.jpeg,1684,575,377,ORB,1,1,True
101,120,selfies,0,./results/cropped/e-ktp\120_selfie_crop_0.jpeg,6,507,377,120,cards,0,./results/cropped/e-ktp\120_card_crop_0.jpeg,1215,575,377,SIFT,6,0,True
102,120,selfies,0,./results/cropped/e-ktp\120_selfie_crop_0.jpeg,1,507,377,120,cards,0,./results/cropped/e-ktp\120_card_crop_0.jpeg,2522,1033,677,ORB,1,1,False
103,120,selfies,0,./results/cropped/e-ktp\120_selfie_crop_0.jpeg,6,507,377,120,cards,0,./results/cropped/e-ktp\120_card_crop_0.jpeg,4425,1033,677,SIFT,6,0,False
104,121,selfies,0,./results/cropped/e-ktp\121_selfie_crop_0.jpeg,391,438,275,121,cards,0,./results/cropped/e-ktp\121_card_crop_0.jpeg,1043,412,275,ORB,233,208,True
105,121,selfies,0,./results/cropped/e-ktp\121_selfie_crop_0.jpeg,471,438,275,121,cards,0,./results/cropped/e-ktp\121_card_crop_0.jpeg,864,412,275,SIFT,471,91,True
106,121,selfies,0,./results/cropped/e-ktp\121_selfie_crop_0.jpeg,391,438,275,121,cards,0,./results/cropped/e-ktp\121_card_crop_0.jpeg,2497,911,608,ORB,246,212,False
107,121,selfies,0,./results/cropped/e-ktp\121_selfie_crop_0.jpeg,471,438,275,121,cards,0,./results/cropped/e-ktp\121_card_crop_0.jpeg,3936,911,608,SIFT,471,81,False
108,122,selfies,0,./results/cropped/e-ktp\122_selfie_crop_0.jpeg,384,335,225,122,cards,0,./results/cropped/e-ktp\122_card_crop_0.jpeg,1359,319,225,ORB,264,202,True
109,122,selfies,0,./results/cropped/e-ktp\122_selfie_crop_0.jpeg,462,335,225,122,cards,0,./results/cropped/e-ktp\122_card_crop_0.jpeg,864,319,225,SIFT,462,79,True
110,122,selfies,0,./results/cropped/e-ktp\122_selfie_crop_0.jpeg,42,137,92,122,cards,0,./results/cropped/e-ktp\122_card_crop_0.jpeg,2683,944,664,ORB,36,30,False
111,122,selfies,0,./results/cropped/e-ktp\122_selfie_crop_0.jpeg,110,137,92,122,cards,0,./results/cropped/e-ktp\122_card_crop_0.jpeg,9594,944,664,SIFT,110,26,False
112,123,selfies,0,./results/cropped/e-ktp\123_selfie_crop_0.jpeg,176,712,510,123,cards,0,./results/cropped/e-ktp\123_card_crop_0.jpeg,954,653,510,ORB,126,111,True
113,123,selfies,0,./results/cropped/e-ktp\123_selfie_crop_0.jpeg,165,712,510,123,cards,0,./results/cropped/e-ktp\123_card_crop_0.jpeg,725,653,510,SIFT,165,48,True
114,123,selfies,0,./results/cropped/e-ktp\123_selfie_crop_0.jpeg,176,712,510,123,cards,0,./results/cropped/e-ktp\123_card_crop_0.jpeg,1256,732,571,ORB,135,123,False
115,123,selfies,0,./results/cropped/e-ktp\123_selfie_crop_0.jpeg,165,712,510,123,cards,0,./results/cropped/e-ktp\123_card_crop_0.jpeg,1035,732,571,SIFT,165,42,False
116,124,selfies,0,./results/cropped/e-ktp\124_selfie_crop_0.jpeg,762,519,330,124,cards,0,./results/cropped/e-ktp\124_card_crop_0.jpeg,1236,474,330,ORB,451,432,True
117,124,selfies,0,./results/cropped/e-ktp\124_selfie_crop_0.jpeg,839,519,330,124,cards,0,./results/cropped/e-ktp\124_card_crop_0.jpeg,1006,474,330,SIFT,839,206,True
118,124,selfies,0,./results/cropped/e-ktp\124_selfie_crop_0.jpeg,762,519,330,124,cards,0,./results/cropped/e-ktp\124_card_crop_0.jpeg,2193,708,492,ORB,281,254,False
119,124,selfies,0,./results/cropped/e-ktp\124_selfie_crop_0.jpeg,839,519,330,124,cards,0,./results/cropped/e-ktp\124_card_crop_0.jpeg,2335,708,492,SIFT,839,183,False
120,125,selfies,0,./results/cropped/e-ktp\125_selfie_crop_0.jpeg,125,602,376,125,cards,0,./results/cropped/e-ktp\125_card_crop_0.jpeg,1923,477,376,ORB,105,93,True
121,125,selfies,0,./results/cropped/e-ktp\125_selfie_crop_0.jpeg,328,602,376,125,cards,0,./results/cropped/e-ktp\125_card_crop_0.jpeg,1274,477,376,SIFT,328,69,True
122,125,selfies,0,./results/cropped/e-ktp\125_selfie_crop_0.jpeg,125,602,376,125,cards,0,./results/cropped/e-ktp\125_card_crop_0.jpeg,2491,762,600,ORB,92,54,False
123,125,selfies,0,./results/cropped/e-ktp\125_selfie_crop_0.jpeg,328,602,376,125,cards,0,./results/cropped/e-ktp\125_card_crop_0.jpeg,3876,762,600,SIFT,328,78,False
124,126,selfies,0,./results/cropped/e-ktp\126_selfie_crop_0.jpeg,163,611,369,126,cards,0,./results/cropped/e-ktp\126_card_crop_0.jpeg,1950,530,369,ORB,113,94,True
125,126,selfies,0,./results/cropped/e-ktp\126_selfie_crop_0.jpeg,292,611,369,126,cards,0,./results/cropped/e-ktp\126_card_crop_0.jpeg,1281,530,369,SIFT,292,64,True
126,126,selfies,0,./results/cropped/e-ktp\126_selfie_crop_0.jpeg,163,611,369,126,cards,0,./results/cropped/e-ktp\126_card_crop_0.jpeg,2384,723,503,ORB,108,82,False
127,126,selfies,0,./results/cropped/e-ktp\126_selfie_crop_0.jpeg,292,611,369,126,cards,0,./results/cropped/e-ktp\126_card_crop_0.jpeg,2301,723,503,SIFT,292,55,False
128,127,selfies,0,./results/cropped/e-ktp\127_selfie_crop_0.jpeg,1079,813,366,127,cards,0,./results/cropped/e-ktp\127_card_crop_0.jpeg,701,532,366,ORB,242,170,True
129,127,selfies,0,./results/cropped/e-ktp\127_selfie_crop_0.jpeg,1201,813,366,127,cards,0,./results/cropped/e-ktp\127_card_crop_0.jpeg,819,532,366,SIFT,1201,234,True
130,127,selfies,0,./results/cropped/e-ktp\127_selfie_crop_0.jpeg,1079,813,366,127,cards,0,./results/cropped/e-ktp\127_card_crop_0.jpeg,1283,720,495,ORB,430,392,False
131,127,selfies,0,./results/cropped/e-ktp\127_selfie_crop_0.jpeg,1201,813,366,127,cards,0,./results/cropped/e-ktp\127_card_crop_0.jpeg,1240,720,495,SIFT,1201,303,False
132,128,selfies,0,./results/cropped/e-ktp\128_selfie_crop_0.jpeg,1249,484,311,128,cards,0,./results/cropped/e-ktp\128_card_crop_0.jpeg,816,430,311,ORB,536,524,True
133,128,selfies,0,./results/cropped/e-ktp\128_selfie_crop_0.jpeg,1054,484,311,128,cards,0,./results/cropped/e-ktp\128_card_crop_0.jpeg,995,430,311,SIFT,1054,351,True
134,128,selfies,0,./results/cropped/e-ktp\128_selfie_crop_0.jpeg,1249,484,311,128,cards,0,./results/cropped/e-ktp\128_card_crop_0.jpeg,1775,711,514,ORB,359,312,False
135,128,selfies,0,./results/cropped/e-ktp\128_selfie_crop_0.jpeg,1054,484,311,128,cards,0,./results/cropped/e-ktp\128_card_crop_0.jpeg,1812,711,514,SIFT,1054,362,False
136,129,selfies,0,./results/cropped/e-ktp\129_selfie_crop_0.jpeg,1612,446,310,129,cards,0,./results/cropped/e-ktp\129_card_crop_0.jpeg,1357,475,310,ORB,794,780,True
137,129,selfies,0,./results/cropped/e-ktp\129_selfie_crop_0.jpeg,1031,446,310,129,cards,0,./results/cropped/e-ktp\129_card_crop_0.jpeg,1074,475,310,SIFT,1031,461,True
138,129,selfies,0,./results/cropped/e-ktp\129_selfie_crop_0.jpeg,1612,446,310,129,cards,0,./results/cropped/e-ktp\129_card_crop_0.jpeg,2335,729,475,ORB,465,394,False
139,129,selfies,0,./results/cropped/e-ktp\129_selfie_crop_0.jpeg,1031,446,310,129,cards,0,./results/cropped/e-ktp\129_card_crop_0.jpeg,2504,729,475,SIFT,1031,423,False
140,12,selfies,0,./results/cropped/e-ktp\12_selfie_crop_0.jpeg,1765,388,252,12,cards,0,./results/cropped/e-ktp\12_card_crop_0.jpeg,1772,383,252,ORB,947,904,True
141,12,selfies,0,./results/cropped/e-ktp\12_selfie_crop_0.jpeg,866,388,252,12,cards,0,./results/cropped/e-ktp\12_card_crop_0.jpeg,931,383,252,SIFT,866,338,True
142,12,selfies,1,./results/cropped/e-ktp\12_selfie_crop_1.jpeg,82,225,231,12,cards,0,./results/cropped/e-ktp\12_card_crop_0.jpeg,1732,351,231,ORB,55,33,True
143,12,selfies,1,./results/cropped/e-ktp\12_selfie_crop_1.jpeg,53,225,231,12,cards,0,./results/cropped/e-ktp\12_card_crop_0.jpeg,763,351,231,SIFT,53,0,True
144,12,selfies,0,./results/cropped/e-ktp\12_selfie_crop_0.jpeg,1765,388,252,12,cards,0,./results/cropped/e-ktp\12_card_crop_0.jpeg,2798,1304,856,ORB,592,388,False
145,12,selfies,0,./results/cropped/e-ktp\12_selfie_crop_0.jpeg,866,388,252,12,cards,0,./results/cropped/e-ktp\12_card_crop_0.jpeg,22555,1304,856,SIFT,866,334,False
146,12,selfies,1,./results/cropped/e-ktp\12_selfie_crop_1.jpeg,63,167,171,12,cards,0,./results/cropped/e-ktp\12_card_crop_0.jpeg,2798,1304,856,ORB,49,28,False
147,12,selfies,1,./results/cropped/e-ktp\12_selfie_crop_1.jpeg,42,167,171,12,cards,0,./results/cropped/e-ktp\12_card_crop_0.jpeg,22555,1304,856,SIFT,42,1,False
148,130,selfies,0,./results/cropped/e-ktp\130_selfie_crop_0.jpeg,521,500,331,130,cards,0,./results/cropped/e-ktp\130_card_crop_0.jpeg,925,496,331,ORB,355,345,True
149,130,selfies,0,./results/cropped/e-ktp\130_selfie_crop_0.jpeg,642,500,331,130,cards,0,./results/cropped/e-ktp\130_card_crop_0.jpeg,968,496,331,SIFT,642,316,True
150,130,selfies,0,./results/cropped/e-ktp\130_selfie_crop_0.jpeg,521,500,331,130,cards,0,./results/cropped/e-ktp\130_card_crop_0.jpeg,1388,711,474,ORB,211,180,False
151,130,selfies,0,./results/cropped/e-ktp\130_selfie_crop_0.jpeg,642,500,331,130,cards,0,./results/cropped/e-ktp\130_card_crop_0.jpeg,1168,711,474,SIFT,642,330,False
152,131,selfies,0,./results/cropped/e-ktp\131_selfie_crop_0.jpg,281,866,555,131,cards,0,./results/cropped/e-ktp\131_card_crop_0.jpg,2533,851,555,ORB,184,157,True
153,131,selfies,0,./results/cropped/e-ktp\131_selfie_crop_0.jpg,259,866,555,131,cards,0,./results/cropped/e-ktp\131_card_crop_0.jpg,4119,851,555,SIFT,259,42,True
154,131,selfies,0,./results/cropped/e-ktp\131_selfie_crop_0.jpg,281,866,555,131,cards,0,./results/cropped/e-ktp\131_card_crop_0.jpg,2608,3658,2384,ORB,142,122,False
155,131,selfies,0,./results/cropped/e-ktp\131_selfie_crop_0.jpg,259,866,555,131,cards,0,./results/cropped/e-ktp\131_card_crop_0.jpg,5013,3658,2384,SIFT,259,28,False
156,132,selfies,0,./results/cropped/e-ktp\132_selfie_crop_0.jpg,2697,1058,750,132,cards,0,./results/cropped/e-ktp\132_card_crop_0.jpg,2697,1156,750,ORB,1072,1004,True
157,132,selfies,0,./results/cropped/e-ktp\132_selfie_crop_0.jpg,10356,1058,750,132,cards,0,./results/cropped/e-ktp\132_card_crop_0.jpg,11923,1156,750,SIFT,10356,342,True
158,132,selfies,1,./results/cropped/e-ktp\132_selfie_crop_1.jpg,2830,1331,1149,132,cards,0,./results/cropped/e-ktp\132_card_crop_0.jpg,2830,1771,1149,ORB,718,570,True
159,132,selfies,1,./results/cropped/e-ktp\132_selfie_crop_1.jpg,6968,1331,1149,132,cards,0,./results/cropped/e-ktp\132_card_crop_0.jpg,22430,1771,1149,SIFT,6968,46,True
160,132,selfies,0,./results/cropped/e-ktp\132_selfie_crop_0.jpg,2697,1058,750,132,cards,0,./results/cropped/e-ktp\132_card_crop_0.jpg,2917,2907,1885,ORB,763,643,False
161,132,selfies,0,./results/cropped/e-ktp\132_selfie_crop_0.jpg,10356,1058,750,132,cards,0,./results/cropped/e-ktp\132_card_crop_0.jpg,37074,2907,1885,SIFT,10356,314,False
162,132,selfies,1,./results/cropped/e-ktp\132_selfie_crop_1.jpg,2830,1331,1149,132,cards,0,./results/cropped/e-ktp\132_card_crop_0.jpg,2917,2907,1885,ORB,698,571,False
163,132,selfies,1,./results/cropped/e-ktp\132_selfie_crop_1.jpg,6968,1331,1149,132,cards,0,./results/cropped/e-ktp\132_card_crop_0.jpg,37074,2907,1885,SIFT,6968,62,False
164,133,selfies,0,./results/cropped/e-ktp\133_selfie_crop_0.jpg,2395,1540,997,133,cards,0,./results/cropped/e-ktp\133_card_crop_0.JPEG,2823,1534,997,ORB,796,759,True
165,133,selfies,0,./results/cropped/e-ktp\133_selfie_crop_0.jpg,2346,1540,997,133,cards,0,./results/cropped/e-ktp\133_card_crop_0.JPEG,20987,1534,997,SIFT,2346,388,True
166,133,selfies,0,./results/cropped/e-ktp\133_selfie_crop_0.jpg,2395,1540,997,133,cards,0,./results/cropped/e-ktp\133_card_crop_0.JPEG,2905,2104,1367,ORB,608,539,False
167,133,selfies,0,./results/cropped/e-ktp\133_selfie_crop_0.jpg,2346,1540,997,133,cards,0,./results/cropped/e-ktp\133_card_crop_0.JPEG,43499,2104,1367,SIFT,2346,395,False
168,134,selfies,0,./results/cropped/e-ktp\134_selfie_crop_0.jpg,2395,1540,997,134,cards,0,./results/cropped/e-ktp\134_card_crop_0.JPEG,2823,1534,997,ORB,796,759,True
169,134,selfies,0,./results/cropped/e-ktp\134_selfie_crop_0.jpg,2346,1540,997,134,cards,0,./results/cropped/e-ktp\134_card_crop_0.JPEG,20987,1534,997,SIFT,2346,388,True
170,134,selfies,0,./results/cropped/e-ktp\134_selfie_crop_0.jpg,2395,1540,997,134,cards,0,./results/cropped/e-ktp\134_card_crop_0.JPEG,2905,2104,1367,ORB,608,539,False
171,134,selfies,0,./results/cropped/e-ktp\134_selfie_crop_0.jpg,2346,1540,997,134,cards,0,./results/cropped/e-ktp\134_card_crop_0.JPEG,43499,2104,1367,SIFT,2346,395,False
172,135,selfies,0,./results/cropped/e-ktp\135_selfie_crop_0.jpg,973,557,379,135,cards,0,./results/cropped/e-ktp\135_card_crop_0.jpg,2189,579,379,ORB,596,580,True
173,135,selfies,0,./results/cropped/e-ktp\135_selfie_crop_0.jpg,625,557,379,135,cards,0,./results/cropped/e-ktp\135_card_crop_0.jpg,1735,579,379,SIFT,625,187,True
174,135,selfies,0,./results/cropped/e-ktp\135_selfie_crop_0.jpg,973,557,379,135,cards,0,./results/cropped/e-ktp\135_card_crop_0.jpg,2917,2866,1876,ORB,374,335,False
175,135,selfies,0,./results/cropped/e-ktp\135_selfie_crop_0.jpg,625,557,379,135,cards,0,./results/cropped/e-ktp\135_card_crop_0.jpg,3965,2866,1876,SIFT,625,175,False
176,136,selfies,0,./results/cropped/e-ktp\136_selfie_crop_0.jpg,1073,328,225,136,cards,0,./results/cropped/e-ktp\136_card_crop_0.jpg,1178,350,225,ORB,546,508,True
177,136,selfies,0,./results/cropped/e-ktp\136_selfie_crop_0.jpg,752,328,225,136,cards,0,./results/cropped/e-ktp\136_card_crop_0.jpg,716,350,225,SIFT,752,168,True
178,136,selfies,0,./results/cropped/e-ktp\136_selfie_crop_0.jpg,222,184,126,136,cards,0,./results/cropped/e-ktp\136_card_crop_0.jpg,2875,2215,1422,ORB,119,82,False
179,136,selfies,0,./results/cropped/e-ktp\136_selfie_crop_0.jpg,213,184,126,136,cards,0,./results/cropped/e-ktp\136_card_crop_0.jpg,9263,2215,1422,SIFT,213,68,False
180,137,selfies,0,./results/cropped/e-ktp\137_selfie_crop_0.jpg,281,866,555,137,cards,0,./results/cropped/e-ktp\137_card_crop_0.jpg,2533,851,555,ORB,184,157,True
181,137,selfies,0,./results/cropped/e-ktp\137_selfie_crop_0.jpg,259,866,555,137,cards,0,./results/cropped/e-ktp\137_card_crop_0.jpg,4119,851,555,SIFT,259,42,True
182,137,selfies,0,./results/cropped/e-ktp\137_selfie_crop_0.jpg,281,866,555,137,cards,0,./results/cropped/e-ktp\137_card_crop_0.jpg,2608,3658,2384,ORB,142,122,False
183,137,selfies,0,./results/cropped/e-ktp\137_selfie_crop_0.jpg,259,866,555,137,cards,0,./results/cropped/e-ktp\137_card_crop_0.jpg,5013,3658,2384,SIFT,259,28,False
184,138,selfies,0,./results/cropped/e-ktp\138_selfie_crop_0.jpg,2581,884,544,138,cards,0,./results/cropped/e-ktp\138_card_crop_0.jpg,2429,788,544,ORB,835,805,True
185,138,selfies,0,./results/cropped/e-ktp\138_selfie_crop_0.jpg,5142,884,544,138,cards,0,./results/cropped/e-ktp\138_card_crop_0.jpg,1338,788,544,SIFT,5142,169,True
186,138,selfies,0,./results/cropped/e-ktp\138_selfie_crop_0.jpg,2581,884,544,138,cards,0,./results/cropped/e-ktp\138_card_crop_0.jpg,2917,2701,1864,ORB,605,538,False
187,138,selfies,0,./results/cropped/e-ktp\138_selfie_crop_0.jpg,5142,884,544,138,cards,0,./results/cropped/e-ktp\138_card_crop_0.jpg,8826,2701,1864,SIFT,5142,153,False
188,13,selfies,0,./results/cropped/e-ktp\13_selfie_crop_0.jpg,1037,328,226,13,cards,0,./results/cropped/e-ktp\13_card_crop_0.jpg,1171,346,226,ORB,620,609,True
189,13,selfies,0,./results/cropped/e-ktp\13_selfie_crop_0.jpg,716,328,226,13,cards,0,./results/cropped/e-ktp\13_card_crop_0.jpg,811,346,226,SIFT,716,351,True
190,13,selfies,0,./results/cropped/e-ktp\13_selfie_crop_0.jpg,1037,328,226,13,cards,0,./results/cropped/e-ktp\13_card_crop_0.jpg,2659,993,647,ORB,371,249,False
191,13,selfies,0,./results/cropped/e-ktp\13_selfie_crop_0.jpg,716,328,226,13,cards,0,./results/cropped/e-ktp\13_card_crop_0.jpg,9462,993,647,SIFT,716,333,False
192,14,selfies,0,./results/cropped/e-ktp\14_selfie_crop_0.jpg,2829,1684,1174,14,cards,0,./results/cropped/e-ktp\14_card_crop_0.jpg,2832,1761,1174,ORB,916,904,True
193,14,selfies,0,./results/cropped/e-ktp\14_selfie_crop_0.jpg,4157,1684,1174,14,cards,0,./results/cropped/e-ktp\14_card_crop_0.jpg,11466,1761,1174,SIFT,4157,569,True
194,14,selfies,0,./results/cropped/e-ktp\14_selfie_crop_0.jpg,2829,1684,1174,14,cards,0,./results/cropped/e-ktp\14_card_crop_0.jpg,2964,4471,2980,ORB,625,599,False
195,14,selfies,0,./results/cropped/e-ktp\14_selfie_crop_0.jpg,4157,1684,1174,14,cards,0,./results/cropped/e-ktp\14_card_crop_0.jpg,39408,4471,2980,SIFT,4157,539,False
196,15,selfies,0,./results/cropped/e-ktp\15_selfie_crop_0.jpg,2679,1123,685,15,cards,0,./results/cropped/e-ktp\15_card_crop_0.jpg,2671,1054,685,ORB,1126,1106,True
197,15,selfies,0,./results/cropped/e-ktp\15_selfie_crop_0.jpg,3814,1123,685,15,cards,0,./results/cropped/e-ktp\15_card_crop_0.jpg,8194,1054,685,SIFT,3814,721,True
198,15,selfies,0,./results/cropped/e-ktp\15_selfie_crop_0.jpg,2679,1123,685,15,cards,0,./results/cropped/e-ktp\15_card_crop_0.jpg,2897,2376,1544,ORB,848,801,False
199,15,selfies,0,./results/cropped/e-ktp\15_selfie_crop_0.jpg,3814,1123,685,15,cards,0,./results/cropped/e-ktp\15_card_crop_0.jpg,38777,2376,1544,SIFT,3814,638,False
200,16,selfies,0,./results/cropped/e-ktp\16_selfie_crop_0.jpeg,218,328,225,16,cards,0,./results/cropped/e-ktp\16_card_crop_0.jpg,1104,334,225,ORB,150,114,True
201,16,selfies,0,./results/cropped/e-ktp\16_selfie_crop_0.jpeg,447,328,225,16,cards,0,./results/cropped/e-ktp\16_card_crop_0.jpg,677,334,225,SIFT,447,149,True
202,16,selfies,0,./results/cropped/e-ktp\16_selfie_crop_0.jpeg,209,282,193,16,cards,0,./results/cropped/e-ktp\16_card_crop_0.jpg,2366,597,402,ORB,158,113,False
203,16,selfies,0,./results/cropped/e-ktp\16_selfie_crop_0.jpeg,455,282,193,16,cards,0,./results/cropped/e-ktp\16_card_crop_0.jpg,2579,597,402,SIFT,455,132,False
204,17,selfies,0,./results/cropped/e-ktp\17_selfie_crop_0.jpg,2837,1786,1206,17,cards,0,./results/cropped/e-ktp\17_card_crop_0.jpg,2835,1895,1206,ORB,859,843,True
205,17,selfies,0,./results/cropped/e-ktp\17_selfie_crop_0.jpg,2174,1786,1206,17,cards,0,./results/cropped/e-ktp\17_card_crop_0.jpg,4381,1895,1206,SIFT,2174,465,True
206,17,selfies,0,./results/cropped/e-ktp\17_selfie_crop_0.jpg,2846,1903,1285,17,cards,0,./results/cropped/e-ktp\17_card_crop_0.jpg,2835,1895,1206,ORB,828,815,False
207,17,selfies,0,./results/cropped/e-ktp\17_selfie_crop_0.jpg,2491,1903,1285,17,cards,0,./results/cropped/e-ktp\17_card_crop_0.jpg,4381,1895,1206,SIFT,2491,480,False
208,18,selfies,0,./results/cropped/e-ktp\18_selfie_crop_0.jpg,14,766,509,18,cards,0,./results/cropped/e-ktp\18_card_crop_0.jpg,2431,778,509,ORB,11,8,True
209,18,selfies,0,./results/cropped/e-ktp\18_selfie_crop_0.jpg,36,766,509,18,cards,0,./results/cropped/e-ktp\18_card_crop_0.jpg,2463,778,509,SIFT,36,5,True
210,18,selfies,0,./results/cropped/e-ktp\18_selfie_crop_0.jpg,14,766,509,18,cards,0,./results/cropped/e-ktp\18_card_crop_0.jpg,1966,2978,1947,ORB,13,8,False
211,18,selfies,0,./results/cropped/e-ktp\18_selfie_crop_0.jpg,36,766,509,18,cards,0,./results/cropped/e-ktp\18_card_crop_0.jpg,3108,2978,1947,SIFT,36,4,False
212,19,selfies,0,./results/cropped/e-ktp\19_selfie_crop_0.jpg,1958,634,418,19,cards,0,./results/cropped/e-ktp\19_card_crop_0.jpg,2335,632,418,ORB,898,868,True
213,19,selfies,0,./results/cropped/e-ktp\19_selfie_crop_0.jpg,1376,634,418,19,cards,0,./results/cropped/e-ktp\19_card_crop_0.jpg,2938,632,418,SIFT,1376,311,True
214,19,selfies,0,./results/cropped/e-ktp\19_selfie_crop_0.jpg,1958,634,418,19,cards,0,./results/cropped/e-ktp\19_card_crop_0.jpg,2710,1233,815,ORB,760,716,False
215,19,selfies,0,./results/cropped/e-ktp\19_selfie_crop_0.jpg,1376,634,418,19,cards,0,./results/cropped/e-ktp\19_card_crop_0.jpg,6251,1233,815,SIFT,1376,286,False
216,20,selfies,0,./results/cropped/e-ktp\20_selfie_crop_0.jpg,87,326,225,20,cards,0,./results/cropped/e-ktp\20_card_crop_0.jpg,466,341,225,ORB,62,54,True
217,20,selfies,0,./results/cropped/e-ktp\20_selfie_crop_0.jpg,209,326,225,20,cards,0,./results/cropped/e-ktp\20_card_crop_0.jpg,524,341,225,SIFT,209,77,True
218,20,selfies,0,./results/cropped/e-ktp\20_selfie_crop_0.jpg,102,292,201,20,cards,0,./results/cropped/e-ktp\20_card_crop_0.jpg,1076,778,512,ORB,77,56,False
219,20,selfies,0,./results/cropped/e-ktp\20_selfie_crop_0.jpg,225,292,201,20,cards,0,./results/cropped/e-ktp\20_card_crop_0.jpg,844,778,512,SIFT,225,79,False
220,21,selfies,0,./results/cropped/e-ktp\21_selfie_crop_0.jpg,2055,1380,906,21,cards,0,./results/cropped/e-ktp\21_card_crop_0.jpg,2789,1393,906,ORB,778,754,True
221,21,selfies,0,./results/cropped/e-ktp\21_selfie_crop_0.jpg,1697,1380,906,21,cards,0,./results/cropped/e-ktp\21_card_crop_0.jpg,6986,1393,906,SIFT,1697,353,True
222,21,selfies,0,./results/cropped/e-ktp\21_selfie_crop_0.jpg,2055,1380,906,21,cards,0,./results/cropped/e-ktp\21_card_crop_0.jpg,2830,1729,1124,ORB,583,535,False
223,21,selfies,0,./results/cropped/e-ktp\21_selfie_crop_0.jpg,1697,1380,906,21,cards,0,./results/cropped/e-ktp\21_card_crop_0.jpg,8084,1729,1124,SIFT,1697,349,False
224,22,selfies,0,./results/cropped/e-ktp\22_selfie_crop_0.jpeg,427,410,282,22,cards,0,./results/cropped/e-ktp\22_card_crop_0.jpeg,1231,424,282,ORB,263,249,True
225,22,selfies,0,./results/cropped/e-ktp\22_selfie_crop_0.jpeg,588,410,282,22,cards,0,./results/cropped/e-ktp\22_card_crop_0.jpeg,941,424,282,SIFT,588,160,True
226,22,selfies,0,./results/cropped/e-ktp\22_selfie_crop_0.jpeg,427,410,282,22,cards,0,./results/cropped/e-ktp\22_card_crop_0.jpeg,2366,705,468,ORB,240,206,False
227,22,selfies,0,./results/cropped/e-ktp\22_selfie_crop_0.jpeg,588,410,282,22,cards,0,./results/cropped/e-ktp\22_card_crop_0.jpeg,2512,705,468,SIFT,588,164,False
228,23,selfies,0,./results/cropped/e-ktp\23_selfie_crop_0.jpeg,1954,1199,751,23,cards,0,./results/cropped/e-ktp\23_card_crop_0.jpeg,2711,1160,751,ORB,1035,1012,True
229,23,selfies,0,./results/cropped/e-ktp\23_selfie_crop_0.jpeg,1445,1199,751,23,cards,0,./results/cropped/e-ktp\23_card_crop_0.jpeg,15451,1160,751,SIFT,1445,414,True
230,23,selfies,0,./results/cropped/e-ktp\23_selfie_crop_0.jpeg,1954,1199,751,23,cards,0,./results/cropped/e-ktp\23_card_crop_0.jpeg,2917,2962,1916,ORB,584,559,False
231,23,selfies,0,./results/cropped/e-ktp\23_selfie_crop_0.jpeg,1445,1199,751,23,cards,0,./results/cropped/e-ktp\23_card_crop_0.jpeg,26300,2962,1916,SIFT,1445,403,False
232,24,selfies,0,./results/cropped/e-ktp\24_selfie_crop_0.jpg,310,1433,948,24,cards,0,./results/cropped/e-ktp\24_card_crop_0.jpg,2752,1440,948,ORB,219,196,True
233,24,selfies,0,./results/cropped/e-ktp\24_selfie_crop_0.jpg,382,1433,948,24,cards,0,./results/cropped/e-ktp\24_card_crop_0.jpg,8312,1440,948,SIFT,382,115,True
234,24,selfies,0,./results/cropped/e-ktp\24_selfie_crop_0.jpg,310,1433,948,24,cards,0,./results/cropped/e-ktp\24_card_crop_0.jpg,2885,2262,1489,ORB,180,144,False
235,24,selfies,0,./results/cropped/e-ktp\24_selfie_crop_0.jpg,382,1433,948,24,cards,0,./results/cropped/e-ktp\24_card_crop_0.jpg,12707,2262,1489,SIFT,382,107,False
236,25,selfies,0,./results/cropped/e-ktp\25_selfie_crop_0.jpg,357,998,662,25,cards,0,./results/cropped/e-ktp\25_card_crop_0.jpg,1827,1014,662,ORB,167,150,True
237,25,selfies,0,./results/cropped/e-ktp\25_selfie_crop_0.jpg,347,998,662,25,cards,0,./results/cropped/e-ktp\25_card_crop_0.jpg,1435,1014,662,SIFT,347,76,True
238,25,selfies,0,./results/cropped/e-ktp\25_selfie_crop_0.jpg,357,998,662,25,cards,0,./results/cropped/e-ktp\25_card_crop_0.jpg,1339,2630,1716,ORB,125,111,False
239,25,selfies,0,./results/cropped/e-ktp\25_selfie_crop_0.jpg,347,998,662,25,cards,0,./results/cropped/e-ktp\25_card_crop_0.jpg,1458,2630,1716,SIFT,347,82,False
240,26,selfies,0,./results/cropped/e-ktp\26_selfie_crop_0.jpg,820,998,641,26,cards,0,./results/cropped/e-ktp\26_card_crop_0.jpg,2669,984,641,ORB,455,436,True
241,26,selfies,0,./results/cropped/e-ktp\26_selfie_crop_0.jpg,650,998,641,26,cards,0,./results/cropped/e-ktp\26_card_crop_0.jpg,8655,984,641,SIFT,650,157,True
242,26,selfies,0,./results/cropped/e-ktp\26_selfie_crop_0.jpg,946,1189,763,26,cards,0,./results/cropped/e-ktp\26_card_crop_0.jpg,2669,984,641,ORB,406,373,False
243,26,selfies,0,./results/cropped/e-ktp\26_selfie_crop_0.jpg,697,1189,763,26,cards,0,./results/cropped/e-ktp\26_card_crop_0.jpg,8655,984,641,SIFT,697,155,False
244,27,selfies,0,./results/cropped/e-ktp\27_selfie_crop_0.jpg,2590,1144,762,27,cards,0,./results/cropped/e-ktp\27_card_crop_0.jpg,2493,1198,762,ORB,954,933,True
245,27,selfies,0,./results/cropped/e-ktp\27_selfie_crop_0.jpg,2156,1144,762,27,cards,0,./results/cropped/e-ktp\27_card_crop_0.jpg,2160,1198,762,SIFT,2156,268,True
246,27,selfies,0,./results/cropped/e-ktp\27_selfie_crop_0.jpg,2590,1144,762,27,cards,0,./results/cropped/e-ktp\27_card_crop_0.jpg,2047,2529,1608,ORB,799,785,False
247,27,selfies,0,./results/cropped/e-ktp\27_selfie_crop_0.jpg,2156,1144,762,27,cards,0,./results/cropped/e-ktp\27_card_crop_0.jpg,2324,2529,1608,SIFT,2156,238,False
248,28,selfies,0,./results/cropped/e-ktp\28_selfie_crop_0.jpg,588,385,262,28,cards,0,./results/cropped/e-ktp\28_card_crop_0.jpg,1633,413,262,ORB,353,324,True
249,28,selfies,0,./results/cropped/e-ktp\28_selfie_crop_0.jpg,716,385,262,28,cards,0,./results/cropped/e-ktp\28_card_crop_0.jpg,1166,413,262,SIFT,716,218,True
250,28,selfies,0,./results/cropped/e-ktp\28_selfie_crop_0.jpg,588,385,262,28,cards,0,./results/cropped/e-ktp\28_card_crop_0.jpg,2823,1569,995,ORB,313,256,False
251,28,selfies,0,./results/cropped/e-ktp\28_selfie_crop_0.jpg,716,385,262,28,cards,0,./results/cropped/e-ktp\28_card_crop_0.jpg,8817,1569,995,SIFT,716,197,False
252,29,selfies,0,./results/cropped/e-ktp\29_selfie_crop_0.jpg,1868,1123,774,29,cards,0,./results/cropped/e-ktp\29_card_crop_0.jpg,2743,1179,774,ORB,746,716,True
253,29,selfies,0,./results/cropped/e-ktp\29_selfie_crop_0.jpg,1307,1123,774,29,cards,0,./results/cropped/e-ktp\29_card_crop_0.jpg,5876,1179,774,SIFT,1307,230,True
254,29,selfies,0,./results/cropped/e-ktp\29_selfie_crop_0.jpg,1868,1123,774,29,cards,0,./results/cropped/e-ktp\29_card_crop_0.jpg,2917,2650,1739,ORB,558,519,False
255,29,selfies,0,./results/cropped/e-ktp\29_selfie_crop_0.jpg,1307,1123,774,29,cards,0,./results/cropped/e-ktp\29_card_crop_0.jpg,13641,2650,1739,SIFT,1307,224,False
256,30,selfies,0,./results/cropped/e-ktp\30_selfie_crop_0.jpg,1953,1295,871,30,cards,0,./results/cropped/e-ktp\30_card_crop_0.jpg,2722,1292,871,ORB,746,710,True
257,30,selfies,0,./results/cropped/e-ktp\30_selfie_crop_0.jpg,1790,1295,871,30,cards,0,./results/cropped/e-ktp\30_card_crop_0.jpg,14459,1292,871,SIFT,1790,284,True
258,30,selfies,0,./results/cropped/e-ktp\30_selfie_crop_0.jpg,1953,1295,871,30,cards,0,./results/cropped/e-ktp\30_card_crop_0.jpg,2941,3758,2533,ORB,567,523,False
259,30,selfies,0,./results/cropped/e-ktp\30_selfie_crop_0.jpg,1790,1295,871,30,cards,0,./results/cropped/e-ktp\30_card_crop_0.jpg,22345,3758,2533,SIFT,1790,302,False
260,31,selfies,0,./results/cropped/e-ktp\31_selfie_crop_0.jpg,209,423,283,31,cards,0,./results/cropped/e-ktp\31_card_crop_0.jpg,1546,419,283,ORB,164,133,True
261,31,selfies,0,./results/cropped/e-ktp\31_selfie_crop_0.jpg,296,423,283,31,cards,0,./results/cropped/e-ktp\31_card_crop_0.jpg,844,419,283,SIFT,296,68,True
262,31,selfies,0,./results/cropped/e-ktp\31_selfie_crop_0.jpg,209,423,283,31,cards,0,./results/cropped/e-ktp\31_card_crop_0.jpg,2727,1314,886,ORB,154,107,False
263,31,selfies,0,./results/cropped/e-ktp\31_selfie_crop_0.jpg,296,423,283,31,cards,0,./results/cropped/e-ktp\31_card_crop_0.jpg,5283,1314,886,SIFT,296,64,False
264,32,selfies,0,./results/cropped/e-ktp\32_selfie_crop_0.jpg,2772,1344,883,32,cards,0,./results/cropped/e-ktp\32_card_crop_0.jpg,2805,1461,883,ORB,1046,1020,True
265,32,selfies,0,./results/cropped/e-ktp\32_selfie_crop_0.jpg,13898,1344,883,32,cards,0,./results/cropped/e-ktp\32_card_crop_0.jpg,9153,1461,883,SIFT,13898,2039,True
266,32,selfies,0,./results/cropped/e-ktp\32_selfie_crop_0.jpg,2772,1344,883,32,cards,0,./results/cropped/e-ktp\32_card_crop_0.jpg,2827,1755,1060,ORB,718,667,False
267,32,selfies,0,./results/cropped/e-ktp\32_selfie_crop_0.jpg,13898,1344,883,32,cards,0,./results/cropped/e-ktp\32_card_crop_0.jpg,10308,1755,1060,SIFT,13898,2134,False
268,33,selfies,0,./results/cropped/e-ktp\33_selfie_crop_0.jpg,1123,699,499,33,cards,0,./results/cropped/e-ktp\33_card_crop_0.jpg,2529,805,499,ORB,579,554,True
269,33,selfies,0,./results/cropped/e-ktp\33_selfie_crop_0.jpg,825,699,499,33,cards,0,./results/cropped/e-ktp\33_card_crop_0.jpg,3403,805,499,SIFT,825,145,True
270,33,selfies,0,./results/cropped/e-ktp\33_selfie_crop_0.jpg,917,1775,1267,33,cards,0,./results/cropped/e-ktp\33_card_crop_0.jpg,2529,805,499,ORB,339,291,False
271,33,selfies,0,./results/cropped/e-ktp\33_selfie_crop_0.jpg,853,1775,1267,33,cards,0,./results/cropped/e-ktp\33_card_crop_0.jpg,3403,805,499,SIFT,853,157,False
272,34,selfies,0,./results/cropped/e-ktp\34_selfie_crop_0.JPG,940,459,313,34,cards,0,./results/cropped/e-ktp\34_card_crop_0.jpg,2002,487,313,ORB,603,571,True
273,34,selfies,0,./results/cropped/e-ktp\34_selfie_crop_0.JPG,1254,459,313,34,cards,0,./results/cropped/e-ktp\34_card_crop_0.jpg,1401,487,313,SIFT,1254,254,True
274,34,selfies,0,./results/cropped/e-ktp\34_selfie_crop_0.JPG,940,459,313,34,cards,0,./results/cropped/e-ktp\34_card_crop_0.jpg,2917,2859,1836,ORB,383,301,False
275,34,selfies,0,./results/cropped/e-ktp\34_selfie_crop_0.JPG,1254,459,313,34,cards,0,./results/cropped/e-ktp\34_card_crop_0.jpg,11420,2859,1836,SIFT,1254,207,False
276,35,selfies,0,./results/cropped/e-ktp\35_selfie_crop_0.jpg,712,1402,973,35,cards,0,./results/cropped/e-ktp\35_card_crop_0.jpg,2787,1497,973,ORB,308,288,True
277,35,selfies,0,./results/cropped/e-ktp\35_selfie_crop_0.jpg,453,1402,973,35,cards,0,./results/cropped/e-ktp\35_card_crop_0.jpg,9637,1497,973,SIFT,453,154,True
278,35,selfies,0,./results/cropped/e-ktp\35_selfie_crop_0.jpg,712,1402,973,35,cards,0,./results/cropped/e-ktp\35_card_crop_0.jpg,2903,2670,1735,ORB,311,278,False
279,35,selfies,0,./results/cropped/e-ktp\35_selfie_crop_0.jpg,453,1402,973,35,cards,0,./results/cropped/e-ktp\35_card_crop_0.jpg,25265,2670,1735,SIFT,453,167,False
280,36,selfies,0,./results/cropped/e-ktp\36_selfie_crop_0.jpg,1528,1768,1097,36,cards,0,./results/cropped/e-ktp\36_card_crop_0.jpg,2351,1705,1097,ORB,259,158,True
281,36,selfies,0,./results/cropped/e-ktp\36_selfie_crop_0.jpg,337,1768,1097,36,cards,0,./results/cropped/e-ktp\36_card_crop_0.jpg,2779,1705,1097,SIFT,337,12,True
282,36,selfies,0,./results/cropped/e-ktp\36_selfie_crop_0.jpg,1528,1768,1097,36,cards,0,./results/cropped/e-ktp\36_card_crop_0.jpg,2230,3742,2407,ORB,229,161,False
283,36,selfies,0,./results/cropped/e-ktp\36_selfie_crop_0.jpg,337,1768,1097,36,cards,0,./results/cropped/e-ktp\36_card_crop_0.jpg,2865,3742,2407,SIFT,337,15,False
284,37,selfies,0,./results/cropped/e-ktp\37_selfie_crop_0.jpg,2407,687,481,37,cards,0,./results/cropped/e-ktp\37_card_crop_0.jpg,2371,721,481,ORB,983,944,True
285,37,selfies,0,./results/cropped/e-ktp\37_selfie_crop_0.jpg,2046,687,481,37,cards,0,./results/cropped/e-ktp\37_card_crop_0.jpg,3367,721,481,SIFT,2046,428,True
286,37,selfies,0,./results/cropped/e-ktp\37_selfie_crop_0.jpg,2407,687,481,37,cards,0,./results/cropped/e-ktp\37_card_crop_0.jpg,2930,3593,2394,ORB,525,486,False
287,37,selfies,0,./results/cropped/e-ktp\37_selfie_crop_0.jpg,2046,687,481,37,cards,0,./results/cropped/e-ktp\37_card_crop_0.jpg,6259,3593,2394,SIFT,2046,435,False
288,38,selfies,0,./results/cropped/e-ktp\38_selfie_crop_0.jpeg,2116,640,433,38,cards,0,./results/cropped/e-ktp\38_card_crop_0.jpeg,1839,654,433,ORB,1049,1041,True
289,38,selfies,0,./results/cropped/e-ktp\38_selfie_crop_0.jpeg,2085,640,433,38,cards,0,./results/cropped/e-ktp\38_card_crop_0.jpeg,1770,654,433,SIFT,2085,682,True
290,38,selfies,0,./results/cropped/e-ktp\38_selfie_crop_0.jpeg,625,332,225,38,cards,1,./results/cropped/e-ktp\38_card_crop_1.jpeg,77,413,225,ORB,32,8,True
291,38,selfies,0,./results/cropped/e-ktp\38_selfie_crop_0.jpeg,649,332,225,38,cards,1,./results/cropped/e-ktp\38_card_crop_1.jpeg,25,413,225,SIFT,649,6,True
292,38,selfies,0,./results/cropped/e-ktp\38_selfie_crop_0.jpeg,625,332,225,38,cards,2,./results/cropped/e-ktp\38_card_crop_2.jpeg,58,454,225,ORB,29,9,True
293,38,selfies,0,./results/cropped/e-ktp\38_selfie_crop_0.jpeg,649,332,225,38,cards,2,./results/cropped/e-ktp\38_card_crop_2.jpeg,29,454,225,SIFT,649,10,True
294,38,selfies,0,./results/cropped/e-ktp\38_selfie_crop_0.jpeg,2116,640,433,38,cards,0,./results/cropped/e-ktp\38_card_crop_0.jpeg,2382,971,642,ORB,471,434,False
295,38,selfies,0,./results/cropped/e-ktp\38_selfie_crop_0.jpeg,2085,640,433,38,cards,0,./results/cropped/e-ktp\38_card_crop_0.jpeg,2018,971,642,SIFT,2085,659,False
296,38,selfies,0,./results/cropped/e-ktp\38_selfie_crop_0.jpeg,2116,640,433,38,cards,1,./results/cropped/e-ktp\38_card_crop_1.jpeg,12,182,99,ORB,10,2,False
297,38,selfies,0,./results/cropped/e-ktp\38_selfie_crop_0.jpeg,2085,640,433,38,cards,1,./results/cropped/e-ktp\38_card_crop_1.jpeg,30,182,99,SIFT,2085,4,False
298,38,selfies,0,./results/cropped/e-ktp\38_selfie_crop_0.jpeg,2116,640,433,38,cards,2,./results/cropped/e-ktp\38_card_crop_2.jpeg,5,198,98,ORB,4,0,False
299,38,selfies,0,./results/cropped/e-ktp\38_selfie_crop_0.jpeg,2085,640,433,38,cards,2,./results/cropped/e-ktp\38_card_crop_2.jpeg,26,198,98,SIFT,2085,12,False
300,39,selfies,0,./results/cropped/e-ktp\39_selfie_crop_0.png,866,335,225,39,cards,0,./results/cropped/e-ktp\39_card_crop_0.jpeg,1080,334,225,ORB,505,481,True
301,39,selfies,0,./results/cropped/e-ktp\39_selfie_crop_0.png,839,335,225,39,cards,0,./results/cropped/e-ktp\39_card_crop_0.jpeg,777,334,225,SIFT,839,286,True
302,39,selfies,0,./results/cropped/e-ktp\39_selfie_crop_0.png,519,261,175,39,cards,0,./results/cropped/e-ktp\39_card_crop_0.jpeg,2917,2774,1867,ORB,246,146,False
303,39,selfies,0,./results/cropped/e-ktp\39_selfie_crop_0.png,533,261,175,39,cards,0,./results/cropped/e-ktp\39_card_crop_0.jpeg,23322,2774,1867,SIFT,533,248,False
304,40,selfies,0,./results/cropped/e-ktp\40_selfie_crop_0.jpeg,711,363,225,40,cards,0,./results/cropped/e-ktp\40_card_crop_0.jpeg,1143,351,225,ORB,421,393,True
305,40,selfies,0,./results/cropped/e-ktp\40_selfie_crop_0.jpeg,691,363,225,40,cards,0,./results/cropped/e-ktp\40_card_crop_0.jpeg,819,351,225,SIFT,691,201,True
306,40,selfies,0,./results/cropped/e-ktp\40_selfie_crop_0.jpeg,198,218,135,40,cards,0,./results/cropped/e-ktp\40_card_crop_0.jpeg,2369,644,412,ORB,129,68,False
307,40,selfies,0,./results/cropped/e-ktp\40_selfie_crop_0.jpeg,471,218,135,40,cards,0,./results/cropped/e-ktp\40_card_crop_0.jpeg,3083,644,412,SIFT,471,193,False
308,41,selfies,0,./results/cropped/e-ktp\41_selfie_crop_0.jpeg,1419,426,275,41,cards,0,./results/cropped/e-ktp\41_card_crop_0.jpeg,1789,430,275,ORB,877,862,True
309,41,selfies,0,./results/cropped/e-ktp\41_selfie_crop_0.jpeg,1184,426,275,41,cards,0,./results/cropped/e-ktp\41_card_crop_0.jpeg,1190,430,275,SIFT,1184,410,True
310,41,selfies,0,./results/cropped/e-ktp\41_selfie_crop_0.jpeg,1419,426,275,41,cards,0,./results/cropped/e-ktp\41_card_crop_0.jpeg,2662,986,630,ORB,610,547,False
311,41,selfies,0,./results/cropped/e-ktp\41_selfie_crop_0.jpeg,1184,426,275,41,cards,0,./results/cropped/e-ktp\41_card_crop_0.jpeg,5286,986,630,SIFT,1184,359,False
312,42,selfies,0,./results/cropped/e-ktp\42_selfie_crop_0.jpg,1139,398,281,42,cards,0,./results/cropped/e-ktp\42_card_crop_0.jpg,1768,431,281,ORB,600,569,True
313,42,selfies,0,./results/cropped/e-ktp\42_selfie_crop_0.jpg,725,398,281,42,cards,0,./results/cropped/e-ktp\42_card_crop_0.jpg,865,431,281,SIFT,725,302,True
314,42,selfies,0,./results/cropped/e-ktp\42_selfie_crop_0.jpg,2657,973,686,42,cards,0,./results/cropped/e-ktp\42_card_crop_0.jpg,1768,431,281,ORB,611,549,False
315,42,selfies,0,./results/cropped/e-ktp\42_selfie_crop_0.jpg,9453,973,686,42,cards,0,./results/cropped/e-ktp\42_card_crop_0.jpg,865,431,281,SIFT,9453,410,False
316,43,selfies,0,./results/cropped/e-ktp\43_selfie_crop_0.jpeg,638,1473,953,43,cards,0,./results/cropped/e-ktp\43_card_crop_0.jpeg,2823,1494,953,ORB,377,320,True
317,43,selfies,0,./results/cropped/e-ktp\43_selfie_crop_0.jpeg,636,1473,953,43,cards,0,./results/cropped/e-ktp\43_card_crop_0.jpeg,13366,1494,953,SIFT,636,153,True
318,43,selfies,0,./results/cropped/e-ktp\43_selfie_crop_0.jpeg,638,1473,953,43,cards,0,./results/cropped/e-ktp\43_card_crop_0.jpeg,2917,2624,1673,ORB,328,282,False
319,43,selfies,0,./results/cropped/e-ktp\43_selfie_crop_0.jpeg,636,1473,953,43,cards,0,./results/cropped/e-ktp\43_card_crop_0.jpeg,20628,2624,1673,SIFT,636,133,False
320,44,selfies,0,./results/cropped/e-ktp\44_selfie_crop_0.jpeg,741,377,225,44,cards,0,./results/cropped/e-ktp\44_card_crop_0.jpeg,957,326,225,ORB,332,271,True
321,44,selfies,0,./results/cropped/e-ktp\44_selfie_crop_0.jpeg,969,377,225,44,cards,0,./results/cropped/e-ktp\44_card_crop_0.jpeg,619,326,225,SIFT,969,226,True
322,44,selfies,0,./results/cropped/e-ktp\44_selfie_crop_0.jpeg,706,346,206,44,cards,0,./results/cropped/e-ktp\44_card_crop_0.jpeg,2653,903,623,ORB,288,183,False
323,44,selfies,0,./results/cropped/e-ktp\44_selfie_crop_0.jpeg,804,346,206,44,cards,0,./results/cropped/e-ktp\44_card_crop_0.jpeg,5611,903,623,SIFT,804,172,False
324,45,selfies,0,./results/cropped/e-ktp\45_selfie_crop_0.jpeg,336,367,237,45,cards,0,./results/cropped/e-ktp\45_card_crop_0.jpeg,754,379,237,ORB,225,214,True
325,45,selfies,0,./results/cropped/e-ktp\45_selfie_crop_0.jpeg,572,367,237,45,cards,0,./results/cropped/e-ktp\45_card_crop_0.jpeg,677,379,237,SIFT,572,214,True
326,45,selfies,0,./results/cropped/e-ktp\45_selfie_crop_0.jpeg,336,367,237,45,cards,0,./results/cropped/e-ktp\45_card_crop_0.jpeg,2137,689,430,ORB,230,195,False
327,45,selfies,0,./results/cropped/e-ktp\45_selfie_crop_0.jpeg,572,367,237,45,cards,0,./results/cropped/e-ktp\45_card_crop_0.jpeg,2132,689,430,SIFT,572,211,False
328,46,selfies,0,./results/cropped/e-ktp\46_selfie_crop_0.jpeg,95,319,225,46,cards,0,./results/cropped/e-ktp\46_card_crop_0.jpeg,511,340,225,ORB,70,57,True
329,46,selfies,0,./results/cropped/e-ktp\46_selfie_crop_0.jpeg,256,319,225,46,cards,0,./results/cropped/e-ktp\46_card_crop_0.jpeg,503,340,225,SIFT,256,65,True
330,46,selfies,0,./results/cropped/e-ktp\46_selfie_crop_0.jpeg,68,207,146,46,cards,0,./results/cropped/e-ktp\46_card_crop_0.jpeg,1406,623,412,ORB,59,30,False
331,46,selfies,0,./results/cropped/e-ktp\46_selfie_crop_0.jpeg,266,207,146,46,cards,0,./results/cropped/e-ktp\46_card_crop_0.jpeg,1023,623,412,SIFT,266,73,False
332,47,selfies,0,./results/cropped/e-ktp\47_selfie_crop_0.jpeg,226,346,225,47,cards,0,./results/cropped/e-ktp\47_card_crop_0.jpeg,550,316,225,ORB,126,93,True
333,47,selfies,0,./results/cropped/e-ktp\47_selfie_crop_0.jpeg,432,346,225,47,cards,0,./results/cropped/e-ktp\47_card_crop_0.jpeg,558,316,225,SIFT,432,113,True
334,47,selfies,0,./results/cropped/e-ktp\47_selfie_crop_0.jpeg,200,277,180,47,cards,0,./results/cropped/e-ktp\47_card_crop_0.jpeg,2404,795,565,ORB,116,81,False
335,47,selfies,0,./results/cropped/e-ktp\47_selfie_crop_0.jpeg,437,277,180,47,cards,0,./results/cropped/e-ktp\47_card_crop_0.jpeg,2559,795,565,SIFT,437,115,False
336,48,selfies,0,./results/cropped/e-ktp\48_selfie_crop_0.jpeg,2259,1134,748,48,cards,0,./results/cropped/e-ktp\48_card_crop_0.jpeg,2704,1145,748,ORB,882,850,True
337,48,selfies,0,./results/cropped/e-ktp\48_selfie_crop_0.jpeg,1740,1134,748,48,cards,0,./results/cropped/e-ktp\48_card_crop_0.jpeg,12897,1145,748,SIFT,1740,328,True
338,48,selfies,0,./results/cropped/e-ktp\48_selfie_crop_0.jpeg,2259,1134,748,48,cards,0,./results/cropped/e-ktp\48_card_crop_0.jpeg,2917,2760,1802,ORB,633,592,False
339,48,selfies,0,./results/cropped/e-ktp\48_selfie_crop_0.jpeg,1740,1134,748,48,cards,0,./results/cropped/e-ktp\48_card_crop_0.jpeg,19152,2760,1802,SIFT,1740,314,False
340,49,selfies,0,./results/cropped/e-ktp\49_selfie_crop_0.jpeg,534,330,263,49,cards,0,./results/cropped/e-ktp\49_card_crop_0.jpeg,1079,312,263,ORB,305,251,True
341,49,selfies,0,./results/cropped/e-ktp\49_selfie_crop_0.jpeg,743,330,263,49,cards,0,./results/cropped/e-ktp\49_card_crop_0.jpeg,636,312,263,SIFT,743,189,True
342,49,selfies,0,./results/cropped/e-ktp\49_selfie_crop_0.jpeg,534,330,263,49,cards,0,./results/cropped/e-ktp\49_card_crop_0.jpeg,2686,850,716,ORB,268,174,False
343,49,selfies,0,./results/cropped/e-ktp\49_selfie_crop_0.jpeg,743,330,263,49,cards,0,./results/cropped/e-ktp\49_card_crop_0.jpeg,3863,850,716,SIFT,743,180,False
344,50,selfies,0,./results/cropped/e-ktp\50_selfie_crop_0.jpeg,195,359,225,50,cards,0,./results/cropped/e-ktp\50_card_crop_0.jpeg,379,335,225,ORB,98,73,True
345,50,selfies,0,./results/cropped/e-ktp\50_selfie_crop_0.jpeg,423,359,225,50,cards,0,./results/cropped/e-ktp\50_card_crop_0.jpeg,375,335,225,SIFT,423,114,True
346,50,selfies,0,./results/cropped/e-ktp\50_selfie_crop_0.jpeg,173,283,177,50,cards,0,./results/cropped/e-ktp\50_card_crop_0.jpeg,1590,857,574,ORB,110,75,False
347,50,selfies,0,./results/cropped/e-ktp\50_selfie_crop_0.jpeg,395,283,177,50,cards,0,./results/cropped/e-ktp\50_card_crop_0.jpeg,1431,857,574,SIFT,395,98,False
348,51,selfies,0,./results/cropped/e-ktp\51_selfie_crop_0.jpeg,175,345,225,51,cards,0,./results/cropped/e-ktp\51_card_crop_0.jpeg,423,305,225,ORB,110,88,True
349,51,selfies,0,./results/cropped/e-ktp\51_selfie_crop_0.jpeg,313,345,225,51,cards,0,./results/cropped/e-ktp\51_card_crop_0.jpeg,390,305,225,SIFT,313,146,True
350,51,selfies,0,./results/cropped/e-ktp\51_selfie_crop_0.jpeg,217,335,218,51,cards,0,./results/cropped/e-ktp\51_card_crop_0.jpeg,2223,855,629,ORB,147,107,False
351,51,selfies,0,./results/cropped/e-ktp\51_selfie_crop_0.jpeg,388,335,218,51,cards,0,./results/cropped/e-ktp\51_card_crop_0.jpeg,1787,855,629,SIFT,388,166,False
352,52,selfies,0,./results/cropped/e-ktp\52_selfie_crop_0.jpeg,260,414,266,52,cards,0,./results/cropped/e-ktp\52_card_crop_0.jpeg,556,379,266,ORB,145,130,True
353,52,selfies,0,./results/cropped/e-ktp\52_selfie_crop_0.jpeg,501,414,266,52,cards,0,./results/cropped/e-ktp\52_card_crop_0.jpeg,572,379,266,SIFT,501,126,True
354,52,selfies,0,./results/cropped/e-ktp\52_selfie_crop_0.jpeg,260,414,266,52,cards,0,./results/cropped/e-ktp\52_card_crop_0.jpeg,1721,747,524,ORB,187,176,False
355,52,selfies,0,./results/cropped/e-ktp\52_selfie_crop_0.jpeg,501,414,266,52,cards,0,./results/cropped/e-ktp\52_card_crop_0.jpeg,1619,747,524,SIFT,501,109,False
356,53,selfies,0,./results/cropped/e-ktp\53_selfie_crop_0.jpeg,29,446,272,53,cards,0,./results/cropped/e-ktp\53_card_crop_0.jpeg,842,423,272,ORB,25,20,True
357,53,selfies,0,./results/cropped/e-ktp\53_selfie_crop_0.jpeg,167,446,272,53,cards,0,./results/cropped/e-ktp\53_card_crop_0.jpeg,667,423,272,SIFT,167,53,True
358,53,selfies,0,./results/cropped/e-ktp\53_selfie_crop_0.jpeg,29,446,272,53,cards,0,./results/cropped/e-ktp\53_card_crop_0.jpeg,2164,701,450,ORB,26,19,False
359,53,selfies,0,./results/cropped/e-ktp\53_selfie_crop_0.jpeg,167,446,272,53,cards,0,./results/cropped/e-ktp\53_card_crop_0.jpeg,1780,701,450,SIFT,167,48,False
360,54,selfies,0,./results/cropped/e-ktp\54_selfie_crop_0.jpeg,257,387,251,54,cards,0,./results/cropped/e-ktp\54_card_crop_0.jpeg,548,399,251,ORB,160,146,True
361,54,selfies,0,./results/cropped/e-ktp\54_selfie_crop_0.jpeg,459,387,251,54,cards,0,./results/cropped/e-ktp\54_card_crop_0.jpeg,764,399,251,SIFT,459,139,True
362,54,selfies,0,./results/cropped/e-ktp\54_selfie_crop_0.jpeg,257,387,251,54,cards,0,./results/cropped/e-ktp\54_card_crop_0.jpeg,1138,689,433,ORB,162,142,False
363,54,selfies,0,./results/cropped/e-ktp\54_selfie_crop_0.jpeg,459,387,251,54,cards,0,./results/cropped/e-ktp\54_card_crop_0.jpeg,1040,689,433,SIFT,459,134,False
364,55,selfies,0,./results/cropped/e-ktp\55_selfie_crop_0.jpeg,1020,412,286,55,cards,0,./results/cropped/e-ktp\55_card_crop_0.jpeg,1051,411,286,ORB,339,300,True
365,55,selfies,0,./results/cropped/e-ktp\55_selfie_crop_0.jpeg,707,412,286,55,cards,0,./results/cropped/e-ktp\55_card_crop_0.jpeg,592,411,286,SIFT,707,116,True
366,55,selfies,0,./results/cropped/e-ktp\55_selfie_crop_0.jpeg,1020,412,286,55,cards,0,./results/cropped/e-ktp\55_card_crop_0.jpeg,2412,828,576,ORB,424,377,False
367,55,selfies,0,./results/cropped/e-ktp\55_selfie_crop_0.jpeg,707,412,286,55,cards,0,./results/cropped/e-ktp\55_card_crop_0.jpeg,2669,828,576,SIFT,707,99,False
368,56,selfies,0,./results/cropped/e-ktp\56_selfie_crop_0.jpeg,193,641,370,56,cards,0,./results/cropped/e-ktp\56_card_crop_0.jpeg,1758,521,370,ORB,127,99,True
369,56,selfies,0,./results/cropped/e-ktp\56_selfie_crop_0.jpeg,303,641,370,56,cards,0,./results/cropped/e-ktp\56_card_crop_0.jpeg,1161,521,370,SIFT,303,36,True
370,56,selfies,0,./results/cropped/e-ktp\56_selfie_crop_0.jpeg,193,641,370,56,cards,0,./results/cropped/e-ktp\56_card_crop_0.jpeg,2487,874,620,ORB,130,104,False
371,56,selfies,0,./results/cropped/e-ktp\56_selfie_crop_0.jpeg,303,641,370,56,cards,0,./results/cropped/e-ktp\56_card_crop_0.jpeg,3284,874,620,SIFT,303,32,False
372,57,selfies,0,./results/cropped/e-ktp\57_selfie_crop_0.jpeg,1610,485,303,57,cards,0,./results/cropped/e-ktp\57_card_crop_0.jpeg,1566,450,303,ORB,810,787,True
373,57,selfies,0,./results/cropped/e-ktp\57_selfie_crop_0.jpeg,1052,485,303,57,cards,0,./results/cropped/e-ktp\57_card_crop_0.jpeg,844,450,303,SIFT,1052,410,True
374,57,selfies,0,./results/cropped/e-ktp\57_selfie_crop_0.jpeg,1610,485,303,57,cards,0,./results/cropped/e-ktp\57_card_crop_0.jpeg,2375,692,465,ORB,430,341,False
375,57,selfies,0,./results/cropped/e-ktp\57_selfie_crop_0.jpeg,1052,485,303,57,cards,0,./results/cropped/e-ktp\57_card_crop_0.jpeg,2001,692,465,SIFT,1052,351,False
376,59,selfies,0,./results/cropped/e-ktp\59_selfie_crop_0.jpeg,623,402,287,59,cards,0,./results/cropped/e-ktp\59_card_crop_0.jpeg,1263,427,287,ORB,436,418,True
377,59,selfies,0,./results/cropped/e-ktp\59_selfie_crop_0.jpeg,757,402,287,59,cards,0,./results/cropped/e-ktp\59_card_crop_0.jpeg,774,427,287,SIFT,757,228,True
378,59,selfies,0,./results/cropped/e-ktp\59_selfie_crop_0.jpeg,623,402,287,59,cards,0,./results/cropped/e-ktp\59_card_crop_0.jpeg,2365,699,469,ORB,352,276,False
379,59,selfies,0,./results/cropped/e-ktp\59_selfie_crop_0.jpeg,757,402,287,59,cards,0,./results/cropped/e-ktp\59_card_crop_0.jpeg,2085,699,469,SIFT,757,221,False
380,60,selfies,0,./results/cropped/e-ktp\60_selfie_crop_0.jpeg,498,495,344,60,cards,0,./results/cropped/e-ktp\60_card_crop_0.jpg,1365,523,344,ORB,239,221,True
381,60,selfies,0,./results/cropped/e-ktp\60_selfie_crop_0.jpeg,518,495,344,60,cards,0,./results/cropped/e-ktp\60_card_crop_0.jpg,1398,523,344,SIFT,518,91,True
382,60,selfies,0,./results/cropped/e-ktp\60_selfie_crop_0.jpeg,498,495,344,60,cards,0,./results/cropped/e-ktp\60_card_crop_0.jpg,2391,2404,1580,ORB,262,229,False
383,60,selfies,0,./results/cropped/e-ktp\60_selfie_crop_0.jpeg,518,495,344,60,cards,0,./results/cropped/e-ktp\60_card_crop_0.jpg,3082,2404,1580,SIFT,518,106,False
384,61,selfies,0,./results/cropped/e-ktp\61_selfie_crop_0.jpg,2440,828,548,61,cards,0,./results/cropped/e-ktp\61_card_crop_0.jpg,2459,857,548,ORB,940,905,True
385,61,selfies,0,./results/cropped/e-ktp\61_selfie_crop_0.jpg,2388,828,548,61,cards,0,./results/cropped/e-ktp\61_card_crop_0.jpg,3244,857,548,SIFT,2388,410,True
386,61,selfies,0,./results/cropped/e-ktp\61_selfie_crop_0.jpg,2440,828,548,61,cards,0,./results/cropped/e-ktp\61_card_crop_0.jpg,2835,1816,1161,ORB,788,724,False
387,61,selfies,0,./results/cropped/e-ktp\61_selfie_crop_0.jpg,2388,828,548,61,cards,0,./results/cropped/e-ktp\61_card_crop_0.jpg,4205,1816,1161,SIFT,2388,379,False
388,62,selfies,0,./results/cropped/e-ktp\62_selfie_crop_0.jpg,1197,898,615,62,cards,0,./results/cropped/e-ktp\62_card_crop_0.jpg,2669,902,615,ORB,520,489,True
389,62,selfies,0,./results/cropped/e-ktp\62_selfie_crop_0.jpg,688,898,615,62,cards,0,./results/cropped/e-ktp\62_card_crop_0.jpg,8390,902,615,SIFT,688,164,True
390,62,selfies,0,./results/cropped/e-ktp\62_selfie_crop_0.jpg,1197,898,615,62,cards,0,./results/cropped/e-ktp\62_card_crop_0.jpg,2676,929,633,ORB,479,441,False
391,62,selfies,0,./results/cropped/e-ktp\62_selfie_crop_0.jpg,688,898,615,62,cards,0,./results/cropped/e-ktp\62_card_crop_0.jpg,8952,929,633,SIFT,688,172,False
392,63,selfies,0,./results/cropped/e-ktp\63_selfie_crop_0.jpeg,1590,477,321,63,cards,0,./results/cropped/e-ktp\63_card_crop_0.jpeg,1082,476,321,ORB,786,777,True
393,63,selfies,0,./results/cropped/e-ktp\63_selfie_crop_0.jpeg,1342,477,321,63,cards,0,./results/cropped/e-ktp\63_card_crop_0.jpeg,1108,476,321,SIFT,1342,425,True
394,63,selfies,0,./results/cropped/e-ktp\63_selfie_crop_0.jpeg,1590,477,321,63,cards,0,./results/cropped/e-ktp\63_card_crop_0.jpeg,1738,633,426,ORB,444,404,False
395,63,selfies,0,./results/cropped/e-ktp\63_selfie_crop_0.jpeg,1342,477,321,63,cards,0,./results/cropped/e-ktp\63_card_crop_0.jpeg,1564,633,426,SIFT,1342,470,False
396,64,selfies,0,./results/cropped/e-ktp\64_selfie_crop_0.jpeg,463,609,382,64,cards,0,./results/cropped/e-ktp\64_card_crop_0.jpeg,2009,544,382,ORB,320,296,True
397,64,selfies,0,./results/cropped/e-ktp\64_selfie_crop_0.jpeg,578,609,382,64,cards,0,./results/cropped/e-ktp\64_card_crop_0.jpeg,1715,544,382,SIFT,578,139,True
398,64,selfies,0,./results/cropped/e-ktp\64_selfie_crop_0.jpeg,463,609,382,64,cards,0,./results/cropped/e-ktp\64_card_crop_0.jpeg,2398,748,525,ORB,262,213,False
399,64,selfies,0,./results/cropped/e-ktp\64_selfie_crop_0.jpeg,578,609,382,64,cards,0,./results/cropped/e-ktp\64_card_crop_0.jpeg,3561,748,525,SIFT,578,110,False
400,65,selfies,0,./results/cropped/e-ktp\65_selfie_crop_0.jpeg,180,454,325,65,cards,0,./results/cropped/e-ktp\65_card_crop_0.jpeg,730,400,325,ORB,118,101,True
401,65,selfies,0,./results/cropped/e-ktp\65_selfie_crop_0.jpeg,325,454,325,65,cards,0,./results/cropped/e-ktp\65_card_crop_0.jpeg,778,400,325,SIFT,325,99,True
402,65,selfies,0,./results/cropped/e-ktp\65_selfie_crop_0.jpeg,180,454,325,65,cards,0,./results/cropped/e-ktp\65_card_crop_0.jpeg,1541,774,628,ORB,123,107,False
403,65,selfies,0,./results/cropped/e-ktp\65_selfie_crop_0.jpeg,325,454,325,65,cards,0,./results/cropped/e-ktp\65_card_crop_0.jpeg,1440,774,628,SIFT,325,84,False
404,66,selfies,0,./results/cropped/e-ktp\66_selfie_crop_0.jpeg,318,499,330,66,cards,0,./results/cropped/e-ktp\66_card_crop_0.jpeg,177,481,330,ORB,94,82,True
405,66,selfies,0,./results/cropped/e-ktp\66_selfie_crop_0.jpeg,303,499,330,66,cards,0,./results/cropped/e-ktp\66_card_crop_0.jpeg,263,481,330,SIFT,303,65,True
406,66,selfies,0,./results/cropped/e-ktp\66_selfie_crop_0.jpeg,318,499,330,66,cards,0,./results/cropped/e-ktp\66_card_crop_0.jpeg,176,754,517,ORB,68,42,False
407,66,selfies,0,./results/cropped/e-ktp\66_selfie_crop_0.jpeg,303,499,330,66,cards,0,./results/cropped/e-ktp\66_card_crop_0.jpeg,282,754,517,SIFT,303,77,False
408,67,selfies,0,./results/cropped/e-ktp\67_selfie_crop_0.jpeg,1117,516,338,67,cards,0,./results/cropped/e-ktp\67_card_crop_0.jpeg,1244,450,338,ORB,695,685,True
409,67,selfies,0,./results/cropped/e-ktp\67_selfie_crop_0.jpeg,1113,516,338,67,cards,0,./results/cropped/e-ktp\67_card_crop_0.jpeg,1164,450,338,SIFT,1113,385,True
410,67,selfies,0,./results/cropped/e-ktp\67_selfie_crop_0.jpeg,1117,516,338,67,cards,0,./results/cropped/e-ktp\67_card_crop_0.jpeg,2373,752,564,ORB,457,418,False
411,67,selfies,0,./results/cropped/e-ktp\67_selfie_crop_0.jpeg,1113,516,338,67,cards,0,./results/cropped/e-ktp\67_card_crop_0.jpeg,2359,752,564,SIFT,1113,319,False
412,68,selfies,0,./results/cropped/e-ktp\68_selfie_crop_0.jpeg,1746,467,304,68,cards,0,./results/cropped/e-ktp\68_card_crop_0.jpeg,1599,469,304,ORB,829,811,True
413,68,selfies,0,./results/cropped/e-ktp\68_selfie_crop_0.jpeg,838,467,304,68,cards,0,./results/cropped/e-ktp\68_card_crop_0.jpeg,813,469,304,SIFT,838,361,True
414,68,selfies,0,./results/cropped/e-ktp\68_selfie_crop_0.jpeg,869,345,225,68,cards,1,./results/cropped/e-ktp\68_card_crop_1.jpeg,4,583,225,ORB,4,2,True
415,68,selfies,0,./results/cropped/e-ktp\68_selfie_crop_0.jpeg,521,345,225,68,cards,1,./results/cropped/e-ktp\68_card_crop_1.jpeg,69,583,225,SIFT,521,12,True
416,68,selfies,0,./results/cropped/e-ktp\68_selfie_crop_0.jpeg,1746,467,304,68,cards,0,./results/cropped/e-ktp\68_card_crop_0.jpeg,2124,573,371,ORB,498,446,False
417,68,selfies,0,./results/cropped/e-ktp\68_selfie_crop_0.jpeg,838,467,304,68,cards,0,./results/cropped/e-ktp\68_card_crop_0.jpeg,1142,573,371,SIFT,838,349,False
418,68,selfies,0,./results/cropped/e-ktp\68_selfie_crop_0.jpeg,1746,467,304,68,cards,1,./results/cropped/e-ktp\68_card_crop_1.jpeg,3,332,128,ORB,3,2,False
419,68,selfies,0,./results/cropped/e-ktp\68_selfie_crop_0.jpeg,838,467,304,68,cards,1,./results/cropped/e-ktp\68_card_crop_1.jpeg,73,332,128,SIFT,838,12,False
420,69,selfies,0,./results/cropped/e-ktp\69_selfie_crop_0.jpeg,50,382,248,69,cards,0,./results/cropped/e-ktp\69_card_crop_0.jpeg,1046,363,248,ORB,44,38,True
421,69,selfies,0,./results/cropped/e-ktp\69_selfie_crop_0.jpeg,153,382,248,69,cards,0,./results/cropped/e-ktp\69_card_crop_0.jpeg,667,363,248,SIFT,153,27,True
422,69,selfies,0,./results/cropped/e-ktp\69_selfie_crop_0.jpeg,50,382,248,69,cards,0,./results/cropped/e-ktp\69_card_crop_0.jpeg,2433,762,520,ORB,44,39,False
423,69,selfies,0,./results/cropped/e-ktp\69_selfie_crop_0.jpeg,153,382,248,69,cards,0,./results/cropped/e-ktp\69_card_crop_0.jpeg,3229,762,520,SIFT,153,13,False
424,70,selfies,0,./results/cropped/e-ktp\70_selfie_crop_0.jpg,2029,1313,872,70,cards,0,./results/cropped/e-ktp\70_card_crop_0.jpg,2730,1333,872,ORB,999,986,True
425,70,selfies,0,./results/cropped/e-ktp\70_selfie_crop_0.jpg,1477,1313,872,70,cards,0,./results/cropped/e-ktp\70_card_crop_0.jpg,2991,1333,872,SIFT,1477,351,True
426,70,selfies,0,./results/cropped/e-ktp\70_selfie_crop_0.jpg,2029,1313,872,70,cards,0,./results/cropped/e-ktp\70_card_crop_0.jpg,1966,2978,1947,ORB,652,632,False
427,70,selfies,0,./results/cropped/e-ktp\70_selfie_crop_0.jpg,1477,1313,872,70,cards,0,./results/cropped/e-ktp\70_card_crop_0.jpg,3108,2978,1947,SIFT,1477,341,False
428,72,selfies,0,./results/cropped/e-ktp\72_selfie_crop_0.jpeg,2371,677,441,72,cards,0,./results/cropped/e-ktp\72_card_crop_0.jpeg,2386,677,441,ORB,1017,997,True
429,72,selfies,0,./results/cropped/e-ktp\72_selfie_crop_0.jpeg,2545,677,441,72,cards,0,./results/cropped/e-ktp\72_card_crop_0.jpeg,2666,677,441,SIFT,2545,513,True
430,72,selfies,0,./results/cropped/e-ktp\72_selfie_crop_0.jpeg,2371,677,441,72,cards,0,./results/cropped/e-ktp\72_card_crop_0.jpeg,2917,2631,1712,ORB,634,563,False
431,72,selfies,0,./results/cropped/e-ktp\72_selfie_crop_0.jpeg,2545,677,441,72,cards,0,./results/cropped/e-ktp\72_card_crop_0.jpeg,27832,2631,1712,SIFT,2545,452,False
432,73,selfies,0,./results/cropped/e-ktp\73_selfie_crop_0.jpg,2482,1229,843,73,cards,0,./results/cropped/e-ktp\73_card_crop_0.jpg,1516,1229,843,ORB,589,555,True
433,73,selfies,0,./results/cropped/e-ktp\73_selfie_crop_0.jpg,1386,1229,843,73,cards,0,./results/cropped/e-ktp\73_card_crop_0.jpg,912,1229,843,SIFT,1386,324,True
434,73,selfies,0,./results/cropped/e-ktp\73_selfie_crop_0.jpg,2482,1229,843,73,cards,0,./results/cropped/e-ktp\73_card_crop_0.jpg,2505,2341,1605,ORB,611,589,False
435,73,selfies,0,./results/cropped/e-ktp\73_selfie_crop_0.jpg,1386,1229,843,73,cards,0,./results/cropped/e-ktp\73_card_crop_0.jpg,1172,2341,1605,SIFT,1386,304,False
436,74,selfies,0,./results/cropped/e-ktp\74_selfie_crop_0.jpg,2705,1304,868,74,cards,0,./results/cropped/e-ktp\74_card_crop_0.jpg,2783,1326,868,ORB,953,931,True
437,74,selfies,0,./results/cropped/e-ktp\74_selfie_crop_0.jpg,3272,1304,868,74,cards,0,./results/cropped/e-ktp\74_card_crop_0.jpg,17249,1326,868,SIFT,3272,276,True
438,74,selfies,0,./results/cropped/e-ktp\74_selfie_crop_0.jpg,2705,1304,868,74,cards,0,./results/cropped/e-ktp\74_card_crop_0.jpg,2851,1854,1213,ORB,697,643,False
439,74,selfies,0,./results/cropped/e-ktp\74_selfie_crop_0.jpg,3272,1304,868,74,cards,0,./results/cropped/e-ktp\74_card_crop_0.jpg,24382,1854,1213,SIFT,3272,256,False
440,75,selfies,0,./results/cropped/e-ktp\75_selfie_crop_0.jpg,2071,903,584,75,cards,0,./results/cropped/e-ktp\75_card_crop_0.jpg,1966,855,584,ORB,802,793,True
441,75,selfies,0,./results/cropped/e-ktp\75_selfie_crop_0.jpg,1283,903,584,75,cards,0,./results/cropped/e-ktp\75_card_crop_0.jpg,1486,855,584,SIFT,1283,264,True
442,75,selfies,0,./results/cropped/e-ktp\75_selfie_crop_0.jpg,2071,903,584,75,cards,0,./results/cropped/e-ktp\75_card_crop_0.jpg,2877,2546,1738,ORB,604,580,False
443,75,selfies,0,./results/cropped/e-ktp\75_selfie_crop_0.jpg,1283,903,584,75,cards,0,./results/cropped/e-ktp\75_card_crop_0.jpg,2307,2546,1738,SIFT,1283,243,False
444,76,selfies,0,./results/cropped/e-ktp\76_selfie_crop_0.jpg,1531,470,299,76,cards,0,./results/cropped/e-ktp\76_card_crop_0.jpg,691,464,299,ORB,436,413,True
445,76,selfies,0,./results/cropped/e-ktp\76_selfie_crop_0.jpg,1393,470,299,76,cards,0,./results/cropped/e-ktp\76_card_crop_0.jpg,749,464,299,SIFT,1393,302,True
446,76,selfies,0,./results/cropped/e-ktp\76_selfie_crop_0.jpg,1531,470,299,76,cards,0,./results/cropped/e-ktp\76_card_crop_0.jpg,908,731,471,ORB,315,247,False
447,76,selfies,0,./results/cropped/e-ktp\76_selfie_crop_0.jpg,1393,470,299,76,cards,0,./results/cropped/e-ktp\76_card_crop_0.jpg,791,731,471,SIFT,1393,297,False
448,77,selfies,0,./results/cropped/e-ktp\77_selfie_crop_0.jpg,897,920,628,77,cards,0,./results/cropped/e-ktp\77_card_crop_0.jpg,2115,970,628,ORB,422,406,True
449,77,selfies,0,./results/cropped/e-ktp\77_selfie_crop_0.jpg,589,920,628,77,cards,0,./results/cropped/e-ktp\77_card_crop_0.jpg,1855,970,628,SIFT,589,163,True
450,77,selfies,0,./results/cropped/e-ktp\77_selfie_crop_0.jpg,897,920,628,77,cards,0,./results/cropped/e-ktp\77_card_crop_0.jpg,2192,2688,1739,ORB,318,295,False
451,77,selfies,0,./results/cropped/e-ktp\77_selfie_crop_0.jpg,589,920,628,77,cards,0,./results/cropped/e-ktp\77_card_crop_0.jpg,2385,2688,1739,SIFT,589,159,False
452,78,selfies,0,./results/cropped/e-ktp\78_selfie_crop_0.jpg,583,966,609,78,cards,0,./results/cropped/e-ktp\78_card_crop_0.jpg,2651,1060,609,ORB,372,361,True
453,78,selfies,0,./results/cropped/e-ktp\78_selfie_crop_0.jpg,579,966,609,78,cards,0,./results/cropped/e-ktp\78_card_crop_0.jpg,3953,1060,609,SIFT,579,140,True
454,78,selfies,0,./results/cropped/e-ktp\78_selfie_crop_0.jpg,583,966,609,78,cards,1,./results/cropped/e-ktp\78_card_crop_1.jpg,2575,751,609,ORB,325,307,True
455,78,selfies,0,./results/cropped/e-ktp\78_selfie_crop_0.jpg,579,966,609,78,cards,1,./results/cropped/e-ktp\78_card_crop_1.jpg,3634,751,609,SIFT,579,78,True
456,78,selfies,1,./results/cropped/e-ktp\78_selfie_crop_1.jpg,760,901,364,78,cards,0,./results/cropped/e-ktp\78_card_crop_0.jpg,2219,633,364,ORB,314,255,True
457,78,selfies,1,./results/cropped/e-ktp\78_selfie_crop_1.jpg,966,901,364,78,cards,0,./results/cropped/e-ktp\78_card_crop_0.jpg,1326,633,364,SIFT,966,4,True
458,78,selfies,1,./results/cropped/e-ktp\78_selfie_crop_1.jpg,760,901,364,78,cards,1,./results/cropped/e-ktp\78_card_crop_1.jpg,1962,449,364,ORB,313,261,True
459,78,selfies,1,./results/cropped/e-ktp\78_selfie_crop_1.jpg,966,901,364,78,cards,1,./results/cropped/e-ktp\78_card_crop_1.jpg,1375,449,364,SIFT,966,6,True
460,78,selfies,0,./results/cropped/e-ktp\78_selfie_crop_0.jpg,583,966,609,78,cards,0,./results/cropped/e-ktp\78_card_crop_0.jpg,2917,2891,1660,ORB,297,268,False
461,78,selfies,0,./results/cropped/e-ktp\78_selfie_crop_0.jpg,579,966,609,78,cards,0,./results/cropped/e-ktp\78_card_crop_0.jpg,11222,2891,1660,SIFT,579,137,False
462,78,selfies,0,./results/cropped/e-ktp\78_selfie_crop_0.jpg,583,966,609,78,cards,1,./results/cropped/e-ktp\78_card_crop_1.jpg,2843,1660,1345,ORB,276,260,False
463,78,selfies,0,./results/cropped/e-ktp\78_selfie_crop_0.jpg,579,966,609,78,cards,1,./results/cropped/e-ktp\78_card_crop_1.jpg,7486,1660,1345,SIFT,579,82,False
464,78,selfies,1,./results/cropped/e-ktp\78_selfie_crop_1.jpg,760,901,364,78,cards,0,./results/cropped/e-ktp\78_card_crop_0.jpg,2917,2891,1660,ORB,348,274,False
465,78,selfies,1,./results/cropped/e-ktp\78_selfie_crop_1.jpg,966,901,364,78,cards,0,./results/cropped/e-ktp\78_card_crop_0.jpg,11222,2891,1660,SIFT,966,6,False
466,78,selfies,1,./results/cropped/e-ktp\78_selfie_crop_1.jpg,760,901,364,78,cards,1,./results/cropped/e-ktp\78_card_crop_1.jpg,2843,1660,1345,ORB,338,260,False
467,78,selfies,1,./results/cropped/e-ktp\78_selfie_crop_1.jpg,966,901,364,78,cards,1,./results/cropped/e-ktp\78_card_crop_1.jpg,7486,1660,1345,SIFT,966,5,False
468,79,selfies,0,./results/cropped/e-ktp\79_selfie_crop_0.png,536,411,272,79,cards,0,./results/cropped/e-ktp\79_card_crop_0.JPG,1483,418,272,ORB,297,273,True
469,79,selfies,0,./results/cropped/e-ktp\79_selfie_crop_0.png,637,411,272,79,cards,0,./results/cropped/e-ktp\79_card_crop_0.JPG,850,418,272,SIFT,637,134,True
470,79,selfies,0,./results/cropped/e-ktp\79_selfie_crop_0.png,536,411,272,79,cards,0,./results/cropped/e-ktp\79_card_crop_0.JPG,1985,488,317,ORB,252,211,False
471,79,selfies,0,./results/cropped/e-ktp\79_selfie_crop_0.png,637,411,272,79,cards,0,./results/cropped/e-ktp\79_card_crop_0.JPG,1062,488,317,SIFT,637,130,False
472,7,selfies,0,./results/cropped/e-ktp\7_selfie_crop_0.jpg,1996,519,327,7,cards,0,./results/cropped/e-ktp\7_card_crop_0.jpg,2100,500,327,ORB,775,731,True
473,7,selfies,0,./results/cropped/e-ktp\7_selfie_crop_0.jpg,1266,519,327,7,cards,0,./results/cropped/e-ktp\7_card_crop_0.jpg,1454,500,327,SIFT,1266,314,True
474,7,selfies,0,./results/cropped/e-ktp\7_selfie_crop_0.jpg,1996,519,327,7,cards,0,./results/cropped/e-ktp\7_card_crop_0.jpg,2917,2585,1690,ORB,504,399,False
475,7,selfies,0,./results/cropped/e-ktp\7_selfie_crop_0.jpg,1266,519,327,7,cards,0,./results/cropped/e-ktp\7_card_crop_0.jpg,55958,2585,1690,SIFT,1266,237,False
476,82,selfies,0,./results/cropped/e-ktp\82_selfie_crop_0.jpg,1409,1950,1192,82,cards,0,./results/cropped/e-ktp\82_card_crop_0.jpg,1425,1776,1192,ORB,644,630,True
477,82,selfies,0,./results/cropped/e-ktp\82_selfie_crop_0.jpg,1312,1950,1192,82,cards,0,./results/cropped/e-ktp\82_card_crop_0.jpg,1778,1776,1192,SIFT,1312,592,True
478,82,selfies,0,./results/cropped/e-ktp\82_selfie_crop_0.jpg,1409,1950,1192,82,cards,0,./results/cropped/e-ktp\82_card_crop_0.jpg,733,4160,2791,ORB,398,376,False
479,82,selfies,0,./results/cropped/e-ktp\82_selfie_crop_0.jpg,1312,1950,1192,82,cards,0,./results/cropped/e-ktp\82_card_crop_0.jpg,1773,4160,2791,SIFT,1312,563,False
480,83,selfies,0,./results/cropped/e-ktp\83_selfie_crop_0.jpeg,734,443,298,83,cards,0,./results/cropped/e-ktp\83_card_crop_0.jpeg,1660,459,298,ORB,487,458,True
481,83,selfies,0,./results/cropped/e-ktp\83_selfie_crop_0.jpeg,818,443,298,83,cards,0,./results/cropped/e-ktp\83_card_crop_0.jpeg,1241,459,298,SIFT,818,282,True
482,83,selfies,0,./results/cropped/e-ktp\83_selfie_crop_0.jpeg,734,443,298,83,cards,0,./results/cropped/e-ktp\83_card_crop_0.jpeg,2405,2362,1532,ORB,358,267,False
483,83,selfies,0,./results/cropped/e-ktp\83_selfie_crop_0.jpeg,818,443,298,83,cards,0,./results/cropped/e-ktp\83_card_crop_0.jpeg,6893,2362,1532,SIFT,818,273,False
484,84,selfies,0,./results/cropped/e-ktp\84_selfie_crop_0.jpg,2377,743,506,84,cards,0,./results/cropped/e-ktp\84_card_crop_0.jpg,2444,763,506,ORB,824,800,True
485,84,selfies,0,./results/cropped/e-ktp\84_selfie_crop_0.jpg,2202,743,506,84,cards,0,./results/cropped/e-ktp\84_card_crop_0.jpg,3360,763,506,SIFT,2202,133,True
486,84,selfies,0,./results/cropped/e-ktp\84_selfie_crop_0.jpg,2377,743,506,84,cards,0,./results/cropped/e-ktp\84_card_crop_0.jpg,2917,2651,1757,ORB,595,556,False
487,84,selfies,0,./results/cropped/e-ktp\84_selfie_crop_0.jpg,2202,743,506,84,cards,0,./results/cropped/e-ktp\84_card_crop_0.jpg,6387,2651,1757,SIFT,2202,119,False
488,85,selfies,0,./results/cropped/e-ktp\85_selfie_crop_0.jpg,1114,1299,846,85,cards,0,./results/cropped/e-ktp\85_card_crop_0.jpg,2703,1302,846,ORB,542,515,True
489,85,selfies,0,./results/cropped/e-ktp\85_selfie_crop_0.jpg,669,1299,846,85,cards,0,./results/cropped/e-ktp\85_card_crop_0.jpg,6273,1302,846,SIFT,669,152,True
490,85,selfies,0,./results/cropped/e-ktp\85_selfie_crop_0.jpg,1114,1299,846,85,cards,0,./results/cropped/e-ktp\85_card_crop_0.jpg,2831,1695,1101,ORB,427,366,False
491,85,selfies,0,./results/cropped/e-ktp\85_selfie_crop_0.jpg,669,1299,846,85,cards,0,./results/cropped/e-ktp\85_card_crop_0.jpg,9939,1695,1101,SIFT,669,166,False
492,86,selfies,0,./results/cropped/e-ktp\86_selfie_crop_0.jpg,2611,1115,814,86,cards,0,./results/cropped/e-ktp\86_card_crop_0.jpg,2232,1253,814,ORB,716,703,True
493,86,selfies,0,./results/cropped/e-ktp\86_selfie_crop_0.jpg,1306,1115,814,86,cards,0,./results/cropped/e-ktp\86_card_crop_0.jpg,2354,1253,814,SIFT,1306,153,True
494,86,selfies,0,./results/cropped/e-ktp\86_selfie_crop_0.jpg,2611,1115,814,86,cards,0,./results/cropped/e-ktp\86_card_crop_0.jpg,2188,1592,1034,ORB,546,524,False
495,86,selfies,0,./results/cropped/e-ktp\86_selfie_crop_0.jpg,1306,1115,814,86,cards,0,./results/cropped/e-ktp\86_card_crop_0.jpg,2528,1592,1034,SIFT,1306,147,False
496,87,selfies,0,./results/cropped/e-ktp\87_selfie_crop_0.jpg,966,1117,771,87,cards,0,./results/cropped/e-ktp\87_card_crop_0.jpg,2737,1251,771,ORB,403,365,True
497,87,selfies,0,./results/cropped/e-ktp\87_selfie_crop_0.jpg,538,1117,771,87,cards,0,./results/cropped/e-ktp\87_card_crop_0.jpg,8396,1251,771,SIFT,538,87,True
498,87,selfies,0,./results/cropped/e-ktp\87_selfie_crop_0.jpg,966,1117,771,87,cards,0,./results/cropped/e-ktp\87_card_crop_0.jpg,2895,2264,1395,ORB,395,363,False
499,87,selfies,0,./results/cropped/e-ktp\87_selfie_crop_0.jpg,538,1117,771,87,cards,0,./results/cropped/e-ktp\87_card_crop_0.jpg,41498,2264,1395,SIFT,538,81,False
500,88,selfies,0,./results/cropped/e-ktp\88_selfie_crop_0.jpg,668,1223,696,88,cards,0,./results/cropped/e-ktp\88_card_crop_0.jpg,2680,1054,696,ORB,386,349,True
501,88,selfies,0,./results/cropped/e-ktp\88_selfie_crop_0.jpg,806,1223,696,88,cards,0,./results/cropped/e-ktp\88_card_crop_0.jpg,5465,1054,696,SIFT,806,99,True
502,88,selfies,0,./results/cropped/e-ktp\88_selfie_crop_0.jpg,668,1223,696,88,cards,0,./results/cropped/e-ktp\88_card_crop_0.jpg,2922,3514,2320,ORB,303,262,False
503,88,selfies,0,./results/cropped/e-ktp\88_selfie_crop_0.jpg,806,1223,696,88,cards,0,./results/cropped/e-ktp\88_card_crop_0.jpg,8221,3514,2320,SIFT,806,91,False
504,89,selfies,0,./results/cropped/e-ktp\89_selfie_crop_0.jpg,2501,796,537,89,cards,0,./results/cropped/e-ktp\89_card_crop_0.jpg,2461,842,537,ORB,1232,1218,True
505,89,selfies,0,./results/cropped/e-ktp\89_selfie_crop_0.jpg,4013,796,537,89,cards,0,./results/cropped/e-ktp\89_card_crop_0.jpg,3318,842,537,SIFT,4013,499,True
506,89,selfies,0,./results/cropped/e-ktp\89_selfie_crop_0.jpg,2501,796,537,89,cards,0,./results/cropped/e-ktp\89_card_crop_0.jpg,2870,2281,1454,ORB,561,511,False
507,89,selfies,0,./results/cropped/e-ktp\89_selfie_crop_0.jpg,4013,796,537,89,cards,0,./results/cropped/e-ktp\89_card_crop_0.jpg,5277,2281,1454,SIFT,4013,482,False
508,8,selfies,0,./results/cropped/e-ktp\8_selfie_crop_0.jpeg,1254,521,352,8,cards,0,./results/cropped/e-ktp\8_card_crop_0.jpeg,1953,548,352,ORB,753,737,True
509,8,selfies,0,./results/cropped/e-ktp\8_selfie_crop_0.jpeg,1103,521,352,8,cards,0,./results/cropped/e-ktp\8_card_crop_0.jpeg,1946,548,352,SIFT,1103,292,True
510,8,selfies,0,./results/cropped/e-ktp\8_selfie_crop_0.jpeg,1254,521,352,8,cards,0,./results/cropped/e-ktp\8_card_crop_0.jpeg,2363,712,457,ORB,402,355,False
511,8,selfies,0,./results/cropped/e-ktp\8_selfie_crop_0.jpeg,1103,521,352,8,cards,0,./results/cropped/e-ktp\8_card_crop_0.jpeg,2952,712,457,SIFT,1103,263,False
512,90,selfies,0,./results/cropped/e-ktp\90_selfie_crop_0.jpg,1472,785,546,90,cards,0,./results/cropped/e-ktp\90_card_crop_0.jpg,2496,861,546,ORB,670,666,True
513,90,selfies,0,./results/cropped/e-ktp\90_selfie_crop_0.jpg,1228,785,546,90,cards,0,./results/cropped/e-ktp\90_card_crop_0.jpg,4010,861,546,SIFT,1228,293,True
514,90,selfies,0,./results/cropped/e-ktp\90_selfie_crop_0.jpg,1472,785,546,90,cards,0,./results/cropped/e-ktp\90_card_crop_0.jpg,2917,2980,1889,ORB,551,533,False
515,90,selfies,0,./results/cropped/e-ktp\90_selfie_crop_0.jpg,1228,785,546,90,cards,0,./results/cropped/e-ktp\90_card_crop_0.jpg,17248,2980,1889,SIFT,1228,261,False
516,91,selfies,0,./results/cropped/e-ktp\91_selfie_crop_0.jpg,590,754,491,91,cards,0,./results/cropped/e-ktp\91_card_crop_0.jpg,2454,723,491,ORB,368,344,True
517,91,selfies,0,./results/cropped/e-ktp\91_selfie_crop_0.jpg,615,754,491,91,cards,0,./results/cropped/e-ktp\91_card_crop_0.jpg,3746,723,491,SIFT,615,208,True
518,91,selfies,0,./results/cropped/e-ktp\91_selfie_crop_0.jpg,590,754,491,91,cards,0,./results/cropped/e-ktp\91_card_crop_0.jpg,2917,2762,1875,ORB,337,285,False
519,91,selfies,0,./results/cropped/e-ktp\91_selfie_crop_0.jpg,615,754,491,91,cards,0,./results/cropped/e-ktp\91_card_crop_0.jpg,29840,2762,1875,SIFT,615,194,False
520,92,selfies,0,./results/cropped/e-ktp\92_selfie_crop_0.jpg,2313,1519,1034,92,cards,0,./results/cropped/e-ktp\92_card_crop_0.jpg,2826,1572,1034,ORB,799,779,True
521,92,selfies,0,./results/cropped/e-ktp\92_selfie_crop_0.jpg,1627,1519,1034,92,cards,0,./results/cropped/e-ktp\92_card_crop_0.jpg,5472,1572,1034,SIFT,1627,174,True
522,92,selfies,1,./results/cropped/e-ktp\92_selfie_crop_1.jpg,34,822,594,92,cards,0,./results/cropped/e-ktp\92_card_crop_0.jpg,2577,903,594,ORB,23,5,True
523,92,selfies,1,./results/cropped/e-ktp\92_selfie_crop_1.jpg,22,822,594,92,cards,0,./results/cropped/e-ktp\92_card_crop_0.jpg,4736,903,594,SIFT,22,0,True
524,92,selfies,0,./results/cropped/e-ktp\92_selfie_crop_0.jpg,2313,1519,1034,92,cards,0,./results/cropped/e-ktp\92_card_crop_0.jpg,2837,1938,1274,ORB,626,598,False
525,92,selfies,0,./results/cropped/e-ktp\92_selfie_crop_0.jpg,1627,1519,1034,92,cards,0,./results/cropped/e-ktp\92_card_crop_0.jpg,5964,1938,1274,SIFT,1627,185,False
526,92,selfies,1,./results/cropped/e-ktp\92_selfie_crop_1.jpg,34,822,594,92,cards,0,./results/cropped/e-ktp\92_card_crop_0.jpg,2837,1938,1274,ORB,22,5,False
527,92,selfies,1,./results/cropped/e-ktp\92_selfie_crop_1.jpg,22,822,594,92,cards,0,./results/cropped/e-ktp\92_card_crop_0.jpg,5964,1938,1274,SIFT,22,0,False
528,93,selfies,0,./results/cropped/e-ktp\93_selfie_crop_0.jpg,119,1489,1054,93,cards,0,./results/cropped/e-ktp\93_card_crop_0.jpg,1833,1619,1054,ORB,93,71,True
529,93,selfies,0,./results/cropped/e-ktp\93_selfie_crop_0.jpg,261,1489,1054,93,cards,0,./results/cropped/e-ktp\93_card_crop_0.jpg,2188,1619,1054,SIFT,261,87,True
530,93,selfies,0,./results/cropped/e-ktp\93_selfie_crop_0.jpg,119,1489,1054,93,cards,0,./results/cropped/e-ktp\93_card_crop_0.jpg,1416,2974,1936,ORB,83,60,False
531,93,selfies,0,./results/cropped/e-ktp\93_selfie_crop_0.jpg,261,1489,1054,93,cards,0,./results/cropped/e-ktp\93_card_crop_0.jpg,2182,2974,1936,SIFT,261,75,False
532,94,selfies,0,./results/cropped/e-ktp\94_selfie_crop_0.jpg,1914,868,590,94,cards,0,./results/cropped/e-ktp\94_card_crop_0.jpg,2587,931,590,ORB,715,674,True
533,94,selfies,0,./results/cropped/e-ktp\94_selfie_crop_0.jpg,981,868,590,94,cards,0,./results/cropped/e-ktp\94_card_crop_0.jpg,5261,931,590,SIFT,981,203,True
534,94,selfies,0,./results/cropped/e-ktp\94_selfie_crop_0.jpg,1914,868,590,94,cards,0,./results/cropped/e-ktp\94_card_crop_0.jpg,2881,2372,1503,ORB,492,322,False
535,94,selfies,0,./results/cropped/e-ktp\94_selfie_crop_0.jpg,981,868,590,94,cards,0,./results/cropped/e-ktp\94_card_crop_0.jpg,27962,2372,1503,SIFT,981,169,False
536,95,selfies,0,./results/cropped/e-ktp\95_selfie_crop_0.jpg,916,660,427,95,cards,0,./results/cropped/e-ktp\95_card_crop_0.jpg,1878,663,427,ORB,414,392,True
537,95,selfies,0,./results/cropped/e-ktp\95_selfie_crop_0.jpg,798,660,427,95,cards,0,./results/cropped/e-ktp\95_card_crop_0.jpg,2010,663,427,SIFT,798,116,True
538,95,selfies,0,./results/cropped/e-ktp\95_selfie_crop_0.jpg,916,660,427,95,cards,0,./results/cropped/e-ktp\95_card_crop_0.jpg,2437,1102,709,ORB,349,319,False
539,95,selfies,0,./results/cropped/e-ktp\95_selfie_crop_0.jpg,798,660,427,95,cards,0,./results/cropped/e-ktp\95_card_crop_0.jpg,2383,1102,709,SIFT,798,117,False
540,96,selfies,0,./results/cropped/e-ktp\96_selfie_crop_0.jpeg,89,347,225,96,cards,0,./results/cropped/e-ktp\96_card_crop_0.jpeg,754,331,225,ORB,63,47,True
541,96,selfies,0,./results/cropped/e-ktp\96_selfie_crop_0.jpeg,197,347,225,96,cards,0,./results/cropped/e-ktp\96_card_crop_0.jpeg,695,331,225,SIFT,197,31,True
542,96,selfies,0,./results/cropped/e-ktp\96_selfie_crop_0.jpeg,99,273,177,96,cards,0,./results/cropped/e-ktp\96_card_crop_0.jpeg,2408,724,492,ORB,76,61,False
543,96,selfies,0,./results/cropped/e-ktp\96_selfie_crop_0.jpeg,215,273,177,96,cards,0,./results/cropped/e-ktp\96_card_crop_0.jpeg,2574,724,492,SIFT,215,31,False
544,97,selfies,0,./results/cropped/e-ktp\97_selfie_crop_0.jpeg,327,354,225,97,cards,0,./results/cropped/e-ktp\97_card_crop_0.jpeg,754,327,225,ORB,230,209,True
545,97,selfies,0,./results/cropped/e-ktp\97_selfie_crop_0.jpeg,600,354,225,97,cards,0,./results/cropped/e-ktp\97_card_crop_0.jpeg,452,327,225,SIFT,600,200,True
546,97,selfies,0,./results/cropped/e-ktp\97_selfie_crop_0.jpeg,349,321,204,97,cards,0,./results/cropped/e-ktp\97_card_crop_0.jpeg,2183,592,407,ORB,259,242,False
547,97,selfies,0,./results/cropped/e-ktp\97_selfie_crop_0.jpeg,493,321,204,97,cards,0,./results/cropped/e-ktp\97_card_crop_0.jpeg,1493,592,407,SIFT,493,176,False
548,98,selfies,0,./results/cropped/e-ktp\98_selfie_crop_0.jpeg,370,421,251,98,cards,0,./results/cropped/e-ktp\98_card_crop_0.jpeg,735,357,251,ORB,207,187,True
549,98,selfies,0,./results/cropped/e-ktp\98_selfie_crop_0.jpeg,501,421,251,98,cards,0,./results/cropped/e-ktp\98_card_crop_0.jpeg,424,357,251,SIFT,501,106,True
550,98,selfies,0,./results/cropped/e-ktp\98_selfie_crop_0.jpeg,370,421,251,98,cards,0,./results/cropped/e-ktp\98_card_crop_0.jpeg,2361,763,535,ORB,248,230,False
551,98,selfies,0,./results/cropped/e-ktp\98_selfie_crop_0.jpeg,501,421,251,98,cards,0,./results/cropped/e-ktp\98_card_crop_0.jpeg,3037,763,535,SIFT,501,93,False
552,99,selfies,0,./results/cropped/e-ktp\99_selfie_crop_0.jpeg,300,550,342,99,cards,0,./results/cropped/e-ktp\99_card_crop_0.jpeg,1023,501,342,ORB,205,195,True
553,99,selfies,0,./results/cropped/e-ktp\99_selfie_crop_0.jpeg,388,550,342,99,cards,0,./results/cropped/e-ktp\99_card_crop_0.jpeg,746,501,342,SIFT,388,86,True
554,99,selfies,0,./results/cropped/e-ktp\99_selfie_crop_0.jpeg,300,550,342,99,cards,0,./results/cropped/e-ktp\99_card_crop_0.jpeg,1744,690,471,ORB,141,110,False
555,99,selfies,0,./results/cropped/e-ktp\99_selfie_crop_0.jpeg,388,550,342,99,cards,0,./results/cropped/e-ktp\99_card_crop_0.jpeg,1453,690,471,SIFT,388,77,False
